ENR3.1	ENR 3.1	01/26	11-Jun-26	https://ais.anac.gob.ar/descarga/aip-69e0f1cfc8e8c
ENR3.2	ENR 3.2	01/26	11-Jun-26	https://ais.anac.gob.ar/descarga/aip-69e0f2fb26a88
ENR4.4	ENR 4.4	01/26	11-Jun-26	https://ais.anac.gob.ar/descarga/aip-69e1200e54990
SAAC	AD 2.0	01/26	11-Jun-26	https://ais.anac.gob.ar/descarga/aip-69e10469037bf
SAAG	AD 2.0	01/26	11-Jun-26	https://ais.anac.gob.ar/descarga/aip-69ebb97edc7dc
SAAP	AD 2.0	01/26	11-Jun-26	https://ais.anac.gob.ar/descarga/aip-69e12b515db21
SAAR	AD 2.0	01/26	11-Jun-26	https://ais.anac.gob.ar/descarga/aip-69e105dba2f99
SAAV	AD 2.0	01/26	11-Jun-26	https://ais.anac.gob.ar/descarga/aip-69e13318f081b
SABE	AD 2.0	01/26	11-Jun-26	https://ais.anac.gob.ar/descarga/aip-6a10684a7a5bd
SACO	AD 2.0	01/26	11-Jun-26	https://ais.anac.gob.ar/descarga/aip-69e1078aa7f9d
SADF	AD 2.0	01/26	11-Jun-26	https://ais.anac.gob.ar/descarga/aip-6a68fbe672145
SADJ	AD 2.0	01/26	11-Jun-26	https://ais.anac.gob.ar/descarga/aip-69e16419c624e
SADM	AD 2.0	01/26	11-Jun-26	https://ais.anac.gob.ar/descarga/aip-69e135e507da0
SADP	AD 2.0	01/26	11-Jun-26	https://ais.anac.gob.ar/descarga/aip-69e26822c76b6
SAEZ	AD 2.0	01/26	11-Jun-26	https://ais.anac.gob.ar/descarga/aip-69e10875b7c89
SAME	AD 2.0	01/26	11-Jun-26	https://ais.anac.gob.ar/descarga/aip-69fc9d7664864
SAMM	AD 2.0	01/26	11-Jun-26	https://ais.anac.gob.ar/descarga/aip-69e168cc06ad1
SAMR	AD 2.0	01/26	11-Jun-26	https://ais.anac.gob.ar/descarga/aip-69e169708997f
SANC	AD 2.0	01/26	11-Jun-26	https://ais.anac.gob.ar/descarga/aip-69e256ccb0f13
SANE	AD 2.0	01/26	11-Jun-26	https://ais.anac.gob.ar/descarga/aip-69e1098092c2d
SANL	AD 2.0	01/26	11-Jun-26	https://ais.anac.gob.ar/descarga/aip-69e254b904105
SANR	AD 2.0	01/26	11-Jun-26	https://ais.anac.gob.ar/descarga/aip-69e6130f69047
SANT	AD 2.0	01/26	11-Jun-26	https://ais.anac.gob.ar/descarga/aip-69e10b1142729
SANU	AD 2.0	01/26	11-Jun-26	https://ais.anac.gob.ar/descarga/aip-69e10b2277811
SAOC	AD 2.0	01/26	11-Jun-26	https://ais.anac.gob.ar/descarga/aip-69e10b83ad8fa
SAOR	AD 2.0	01/26	11-Jun-26	https://ais.anac.gob.ar/descarga/aip-69e10c27bbaf1
SAOS	AD 2.0	01/26	11-Jun-26	https://ais.anac.gob.ar/descarga/aip-69e10c3899e4a
SAOU	AD 2.0	01/26	11-Jun-26	https://ais.anac.gob.ar/descarga/aip-69e23dcde0868
SARC	AD 2.0	01/26	11-Jun-26	https://ais.anac.gob.ar/descarga/aip-69e10de8df659
SARE	AD 2.0	01/26	11-Jun-26	https://ais.anac.gob.ar/descarga/aip-69e23557ecfd0
SARF	AD 2.0	01/26	11-Jun-26	https://ais.anac.gob.ar/descarga/aip-69e249b1a7ad5
SARI	AD 2.0	01/26	11-Jun-26	https://ais.anac.gob.ar/descarga/aip-69e6163c31b23
SARL	AD 2.0	01/26	11-Jun-26	https://ais.anac.gob.ar/descarga/aip-69e1113b81c2b
SARP	AD 2.0	01/26	11-Jun-26	https://ais.anac.gob.ar/descarga/aip-69e1137370dba
SASA	AD 2.0	01/26	11-Jun-26	https://ais.anac.gob.ar/descarga/aip-69e1138586777
SASJ	AD 2.0	01/26	11-Jun-26	https://ais.anac.gob.ar/descarga/aip-69e113f9e6050
SATR	AD 2.0	01/26	11-Jun-26	https://ais.anac.gob.ar/descarga/aip-69e11419cd188
SAVC	AD 2.0	01/26	11-Jun-26	https://ais.anac.gob.ar/descarga/aip-69e1143c25a85
SAVE	AD 2.0	01/26	11-Jun-26	https://ais.anac.gob.ar/descarga/aip-69e114f5ef93e
SAVT	AD 2.0	01/26	11-Jun-26	https://ais.anac.gob.ar/descarga/aip-69e11508bc15d
SAVV	AD 2.0	01/26	11-Jun-26	https://ais.anac.gob.ar/descarga/aip-69e7b1a89ea5e
SAVY	AD 2.0	01/26	11-Jun-26	https://ais.anac.gob.ar/descarga/aip-69e1155398740
SAWB	AD 2.0	01/26	11-Jun-26	https://ais.anac.gob.ar/descarga/aip-69e11573197e5
SAWC	AD 2.0	01/26	11-Jun-26	https://ais.anac.gob.ar/descarga/aip-69e7b256c1c2c
SAWE	AD 2.0	01/26	11-Jun-26	https://ais.anac.gob.ar/descarga/aip-69e1380c9247f
SAWG	AD 2.0	01/26	11-Jun-26	https://ais.anac.gob.ar/descarga/aip-69e1165d02be1
SAWH	AD 2.0	01/26	11-Jun-26	https://ais.anac.gob.ar/descarga/aip-69e7b2b7ee74b
SAZB	AD 2.0	01/26	11-Jun-26	https://ais.anac.gob.ar/descarga/aip-69e7b314ac7f0
SAZM	AD 2.0	01/26	11-Jun-26	https://ais.anac.gob.ar/descarga/aip-69e1232468b6a
SAZN	AD 2.0	01/26	11-Jun-26	https://ais.anac.gob.ar/descarga/aip-69e1234aab580
SAZR	AD 2.0	01/26	11-Jun-26	https://ais.anac.gob.ar/descarga/aip-69e123c163177
SAZS	AD 2.0	01/26	11-Jun-26	https://ais.anac.gob.ar/descarga/aip-69e8bacf19c28
SAZT	AD 2.0	01/26	11-Jun-26	https://ais.anac.gob.ar/descarga/aip-69e12466c7a15
SAZY	AD 2.0	01/26	11-Jun-26	https://ais.anac.gob.ar/descarga/aip-69fcdbcd57a67
