SAAC	TMA/APP/TWR	CONCORDIA TORRE / CONCORDIA	CPPL	118.30
SAAC	TMA/APP/TWR	CONCORDIA TORRE / CONCORDIA	CAUX	122.10
SAAG	TMA/APP/TWR	Gualeguaychú Torre	CPPL	118.4
SAAG	TMA/APP/TWR	Gualeguaychú Torre	CAUX	119.3
SAAP	TMA/APP/TWR	Paraná Torre / Parana Tower	CPPL	119.60
SAAP	TMA/APP/TWR	Paraná Torre / Parana Tower	CAUX	118.50
SAAP	GND			121.7
SAAR	TMA	Rosario Control	CPPL	125.40
SAAR	TMA	Rosario Control	CAUX	123.75
SAAR	APP/TWR	ROSARIO TORRE / ROSARIO TOWER	CPPL	118.70
SAAR	APP/TWR	ROSARIO TORRE / ROSARIO TOWER	CAUX	119.75
SAAR	SMC	Rosario Rodaje o Superficie	CPPL	121.85
SAAR	ATIS	ATIS Rosario	CPPL	127.40
SAAV	TWR/APP	SAUCE VIEJO TORRE	CPPL	118.95
SAAV	TWR/APP	SAUCE VIEJO TORRE	CAUX	118.45
SABE	TWR	Aeroparque Torre / Aeroparque Tower	CPPL	118.85
SABE	TWR	Aeroparque Torre / Aeroparque Tower	CAUX I	118.25
SABE	TWR	Aeroparque Torre / Aeroparque Tower	CAUX II	128.85
SABE	SMC	Aeroparque Rodaje o Superficie		121.90
SABE	APP	Aeroparque Aproximación	CPPL	120.60
SABE	APP	Aeroparque Aproximación	CAUX	119.50
SABE	CLRD	Aeroparque Autorizaciones (*)		129.30
SABE	ATIS	ATIS Aeroparque / Aeroparque ATIS		127.60
SABE	ATIS	ATIS Aeroparque / Aeroparque ATIS		127.90
SACO	TWR/APP	Córdoba Torre / Córdoba Tower	CPPL	118.30
SACO	TWR/APP	Córdoba Torre / Córdoba Tower	CAUX I	118.55
SACO	TWR/APP	Córdoba Torre / Córdoba Tower	CAUX II	119.45
SACO	SMC	Córdoba Rodaje o Superficie	CPPL	121.75
SACO	CLRD	Córdoba Autorizaciones	CPPL	129.30
SACO	ATIS	ATIS Córdoba / Córdoba ATIS	CPPL	127.50
SACO	TMA	Córdoba Control	CPPL	119.10
SACO	TMA	Córdoba Control	CAUX	120.65
SADF	TWR	Fernando Torre / Fernando Tower	CPPL	119.00
SADF	TWR	Fernando Torre / Fernando Tower	CAUX	120.05
SADF	SMC	Fernando Rodaje o Superficie		121.85
SADF	CLRD	Autorizaciones San Fernando		129.50
SADF	ATIS			127.65
SADJ	TWR	Mariano Moreno Torre	CPPL	119.70
SADJ	TWR	Mariano Moreno Torre	CAUX	118.55
SADM	TWR	Morón Torre	CPPL	118.50
SADM	TWR	Morón Torre	CAUX	120.75
SADM	SMC	Morón Rodaje o Superficie	CPPL	121.80
SADM	ATIS	ATIS Morón	CPPL	127.70
SADP	TWR	EL PALOMAR TORRE / EL PALOMAR TOWER	CPPL	120.30
SADP	TWR	EL PALOMAR TORRE / EL PALOMAR TOWER	CAUX	118.90
SADP	SMC	El Palomar Rodaje o Superficie		121.95
SADP	DIF/ATIS	ATIS El Palomar / El Palomar ATIS		127.625
SAEZ	TWR	EZEIZA TORRE / EZEIZA TOWER	CPPL	118.60
SAEZ	TWR	EZEIZA TORRE / EZEIZA TOWER	CAUX	118.05
SAEZ	SMC	Ezeiza Rodaje o Superficie		121.75
SAEZ	APP	Ezeiza Aproximación	CPPL	119.90
SAEZ	APP	Ezeiza Aproximación	CAUX	120.45
SAEZ	ATIS	ATIS Ezeiza / Ezeiza ATIS		127.80
SAEZ	CLRD	Ezeiza Autorizaciones		127.10
SAME	TMA	Mendoza Control		124.20
SAME	TMA	Mendoza Control	CAUX	122.10
SAME	TWR/APP	Mendoza Torre		119.90
SAME	TWR/APP	Mendoza Torre	CAUX	118.65
SAME	SMC	Mendoza Rodaje o Superficie		121.95
SAME	ATIS	ATIS Mendoza .		127.60
SAMM	TMA/APP/TWR	Malargüe Torre	CPPL	118.25
SAMM	TMA/APP/TWR	Malargüe Torre	CAUX	119.55
SAMR	TMA/APP/TWR	San Rafael Torre	CPPL	118.10
SAMR	TMA/APP/TWR	San Rafael Torre	CAUX	119.15
SAMR	SMC	San Rafael GND	CPPL	118.10
SAMR	SMC	San Rafael GND	CAUX	119.15
SANC	TMA/APP/TWR	CATAMARCA TORRE	CPPL	118.15
SANC	TMA/APP/TWR	CATAMARCA TORRE	CAUX	119.90
SANE	TMA/APP/TWR	SANTIAGO TORRE	CPPL	118.70
SANE	TMA/APP/TWR	SANTIAGO TORRE	CAUX	119.25
SANL	TMA/APP/TWR	LA RIOJA TORRE	CPPL	118.45
SANL	TMA/APP/TWR	LA RIOJA TORRE	CAUX	119.15
SANR	TWR/APP	Termas de Río Hondo Torre	CPPL	119.85
SANR	TWR/APP	Termas de Río Hondo Torre	CAUX	118.20
SANT	TWR/APP	Tucumán Torre	CPPL	119.50
SANT	TWR/APP	Tucumán Torre	CAUX	118.35
SANT	SMC	Tucumán Rodaje o Superficie	CPPL	121.75
SANT	ATIS	ATIS Tucumán	CPPL	127.55
SANT	TMA	Tucumán Control	CPPL	123.85
SANT	TMA	Tucumán Control	CAUX	122.50
SANU	TMA/APP/TWR	San Juan Torre	CPPL	119.35
SANU	TMA/APP/TWR	San Juan Torre	CAUX	118.05
SAOC	TMA/APP/TWR	RÍO CUARTO TORRE / RIO CUARTO TOWER	CPPL	118.75
SAOC	TMA/APP/TWR	RÍO CUARTO TORRE / RIO CUARTO TOWER	CAUX	119.55
SAOC	TMA/APP/TWR	RÍO CUARTO TORRE / RIO CUARTO TOWER		121.50
SAOR	TMA/APP/TWR	Villa Reynolds Torre	CPPL	119.30
SAOR	TMA/APP/TWR	Villa Reynolds Torre	CPPL	118.50
SAOS	TMA/APP/TWR	Valle del Conlara Torre	CPPL	119.95
SAOS	TMA/APP/TWR	Valle del Conlara Torre	CAUX	118.85
SAOU	TMA/APP/TWR	San Luis Torre / San Luis Tower	CPPL	118.40
SAOU	TMA/APP/TWR	San Luis Torre / San Luis Tower	CAUX	119.85
SARC	APP/TWR	CORRIENTES TORRE / CORRIENTES TOWER	CPPL	118.30
SARC	APP/TWR	CORRIENTES TORRE / CORRIENTES TOWER	CAUX	119.55
SARE	TMA	Resistencia Control	CPPL	119.40
SARE	TMA	Resistencia Control	CAUX	120.40
SARE	APP/TWR	Resistencia Torre	CPPL	118.70
SARE	APP/TWR	Resistencia Torre	CAUX	118.10
SARE	SMC	Resistencia Rodaje o Superficie		121.95
SARE	ATIS	ATIS Resistencia		127.85
SARF	APP/TWR	Formosa Torre	CPPL	119.10
SARF	APP/TWR	Formosa Torre	CAUX	118.25
SARI	APP/TWR	Cataratas Torre / Cataratas Tower	CPPL	120.70
SARI	APP/TWR	Cataratas Torre / Cataratas Tower	CAUX	118.30
SARI	SMC	Cataratas Rodaje o Superficie		121.80
SARI	ATIS	ATIS Cataratas		127.70
SARL	TMA/TWR/APP	Libres Torre / Libres Tower	CPPL	120.3
SARL	TMA/TWR/APP	Libres Torre / Libres Tower	CAUX	118.5
SARL	TMA/TWR/APP	Libres Torre / Libres Tower		118.1
SARP	TMA/APP/TWR	POSADAS TORRE / POSADAS TOWER	CPPL	120.10
SARP	TMA/APP/TWR	POSADAS TORRE / POSADAS TOWER	CAUX	118.50
SASA	TWR	SALTA TORRE / SALTA TOWER	CPPL	128.85
SASA	TWR	SALTA TORRE / SALTA TOWER	CAUX	129.75
SASA	TMA/APP	Salta Control	CPPL	124.60
SASA	TMA/APP	Salta Control	CAUX	126.00
SASA	ATIS			127.65
SASJ	TWR/APP	Jujuy Torre	CPPL	118.70
SASJ	TWR/APP	Jujuy Torre	CAUX	119.75
SATR	TMA/APP/TWR	Reconquista Torre	CPPL	120.85
SATR	TMA/APP/TWR	Reconquista Torre	CAUX	118.50
SAVC	APP/TWR	COMODORO TORRE / COMODORO TOWER	CPPL	119.90
SAVC	APP/TWR	COMODORO TORRE / COMODORO TOWER	CAUX	120.80
SAVC	TMA	COMODORO CONTROL / COMODORO CONTROL	CPPL	124.30
SAVC	TMA	COMODORO CONTROL / COMODORO CONTROL	CAUX	126.75
SAVE	TMA/TWR/APP	ESQUEL TORRE/ ESQUEL TOWER	CPPL	118.8
SAVE	TMA/TWR/APP	ESQUEL TORRE/ ESQUEL TOWER	CAUX	118.10
SAVT	TWR/APP/TMA	Trelew Torre	CPPL	118.70
SAVT	TWR/APP/TMA	Trelew Torre	CAUX	120.65
SAVT	ATIS	ATIS Trelew		127.70
SAVV	TWR/APP	Viedma Torre	CPPL	118.30
SAVV	TWR/APP	Viedma Torre	CAUX	120.40
SAVY	TWR/APP	Puerto Madryn Torre	CPPL	119.50
SAVY	TWR/APP	Puerto Madryn Torre	CAUX	118.50
SAWB	TWR/APP	Marambio Torre	CPPL	118.10
SAWB	TWR/APP	Marambio Torre	CAUX	118.50
SAWC	TMA/APP/TWR	CALAFATE TORRE	CPPL	119.95
SAWC	TMA/APP/TWR	CALAFATE TORRE	CAUX	118.20
SAWC	ATIS	El Calafate		127.85
SAWE	TMA/APP/TWR	GRANDE TORRE / GRANDE TOWER	CPPL	118.30
SAWE	TMA/APP/TWR	GRANDE TORRE / GRANDE TOWER	CAUX	120.20
SAWG	TWR/APP	Gallegos Torre/ Gallegos Tower	CPPL	119.40
SAWG	TWR/APP	Gallegos Torre/ Gallegos Tower	CAUX	118.80
SAWG	ATIS	ATIS Gallegos		127.60
SAWG	TMA	Gallegos Control	CPPL	124.70
SAWG	TMA	Gallegos Control	CAUX	128.80
SAWH	TWR/APP	Ushuaia Torre	CPPL	118.10
SAWH	TWR/APP	Ushuaia Torre	CAUX	122.10
SAWH	ATIS	ATIS Ushuaia	CPPL	127.80
SAWH	TMA	Ushuaia Control	CPPL	123.85
SAWH	TMA	Ushuaia Control		118.10
SAZB	TWR/APP	Bahía Blanca Torre		119.15
SAZB	TWR/APP	Bahía Blanca Torre		118.10
SAZB	SMC	Bahía Blanca Rodaje o superficie	CPPL	121.90
SAZB	TMA	Bahía Blanca Control	CPPL	124.80
SAZM	TWR/APP/TMA	Mar del Plata Torre	CPPL	118.75
SAZM	TWR/APP/TMA	Mar del Plata Torre	CAUX	118.20
SAZM	SMC	Mar del Plata Rodaje / Superficie		121.70
SAZN	TMA/TWR/APP	NEUQUÉN TORRE / NEUQUÉN TOWER	CPPL	119.80
SAZN	TMA/TWR/APP	NEUQUÉN TORRE / NEUQUÉN TOWER	CAUX	118.85
SAZN	SMC	Neuquén Rodaje o Superficie		121.80
SAZN	ATIS	Neuquén ATIS		127.65
SAZR	TWR/APP	SANTA ROSA TORRE	CPPL	118.30
SAZR	TWR/APP	SANTA ROSA TORRE	CAUX	119.70
SAZS	TMA/APP/TWR	Bariloche Torre	CPPL	119.10
SAZS	TMA/APP/TWR	Bariloche Torre	CAUX	118.65
SAZS	SMC	Bariloche Rodaje o Superficie		119.10
SAZS	ATIS	Bariloche ATIS		127.90
SAZT	TWR/APP/TMA	Tandil Torre/Tower	CPPL	120.90
SAZT	TWR/APP/TMA	Tandil Torre/Tower	CAUX	119.40
SAZY	TMA/APP/TWR	San Martín de los Andes		119.60
SAZY	TMA/APP/TWR	San Martín de los Andes	CAUX	118.35
