SAAC	A	Plano de aeródromo	01/26	11-Jun-26	https://ais.anac.gob.ar/descarga/aip-69e103d200150
SAAC	B	Estacionamiento y atraque	01/26	11-Jun-26	https://ais.anac.gob.ar/descarga/aip-69e1041cd4418
SAAC	E	Obstáculos tipo B	01/26	11-Jun-26	https://ais.anac.gob.ar/descarga/aip-69e10454f37fb
SAAG	M	Aproximación por instrumentos	01/26	11-Jun-26	https://ais.anac.gob.ar/descarga/aip-69e1047caeb9a
SAAP	A	Plano de aeródromo	02/23	30-Nov-23	https://ais.anac.gob.ar/descarga/aip-651effaf11078
SAAP	B	Estacionamiento y atraque	02/23	30-Nov-23	https://ais.anac.gob.ar/descarga/aip-651effbd9398b
SAAP	E	Obstáculos tipo B	02/23	30-Nov-23	https://ais.anac.gob.ar/descarga/aip-651effcca79c7
SAAP	M	Aproximación por instrumentos	01/26	11-Jun-26	https://ais.anac.gob.ar/descarga/aip-69e104b471226
SAAR	A	Plano de aeródromo	01/26	11-Jun-26	https://ais.anac.gob.ar/descarga/aip-69e10549d5c9b
SAAR	B	Estacionamiento y atraque	01/26	11-Jun-26	https://ais.anac.gob.ar/descarga/aip-69e10590d556a
SAAR	D	Obstáculos tipo A	01/23	13-Jul-23	https://ais.anac.gob.ar/descarga/aip-64681ee7dba31
SAAR	E	Obstáculos tipo B	01/26	11-Jun-26	https://ais.anac.gob.ar/descarga/aip-69e105a3850cc
SAAR	I	Salida normalizada (SID)	01/26	11-Jun-26	https://ais.anac.gob.ar/descarga/aip-69e105b6951f4
SAAR	M	Aproximación por instrumentos	01/26	11-Jun-26	https://ais.anac.gob.ar/descarga/aip-69e105c9d6411
SAAV	A	Plano de aeródromo	02/23	30-Nov-23	https://ais.anac.gob.ar/descarga/aip-651f006da4239
SAAV	B	Estacionamiento y atraque	02/23	30-Nov-23	https://ais.anac.gob.ar/descarga/aip-651f007b95812
SAAV	E	Obstáculos tipo B	02/23	30-Nov-23	https://ais.anac.gob.ar/descarga/aip-651f00877a6bb
SAAV	M	Aproximación por instrumentos	01/26	11-Jun-26	https://ais.anac.gob.ar/descarga/aip-69e105f53d117
SABE	A	Plano de aeródromo	02/25	27-Nov-25	https://ais.anac.gob.ar/descarga/aip-68de9a9656bf3
SABE	B	Estacionamiento y atraque	01/26	11-Jun-26	https://ais.anac.gob.ar/descarga/aip-69e1062373b79
SABE	C	Movimientos en tierra	02/23	30-Nov-23	https://ais.anac.gob.ar/descarga/aip-651ec276407c9
SABE	D	Obstáculos tipo A	02/23	30-Nov-23	https://ais.anac.gob.ar/descarga/aip-651ec2887f76c
SABE	E	Obstáculos tipo B	02/24	28-Nov-24	https://ais.anac.gob.ar/descarga/aip-672153e646ed4
SABE	G	Topográfica de precisión	02/23	30-Nov-23	https://ais.anac.gob.ar/descarga/aip-651ec2a6e9325
SABE	I	Salida normalizada (SID)	01/24	11-Jul-24	https://ais.anac.gob.ar/descarga/aip-66462b85d3a65
SABE	K	Llegada normalizada (STAR)	01/24	11-Jul-24	https://ais.anac.gob.ar/descarga/aip-66462bc76ac86
SABE	M	Aproximación por instrumentos	01/26	11-Jun-26	https://ais.anac.gob.ar/descarga/aip-69e106bbde560
SACO	A	Plano de aeródromo	02/25	27-Nov-25	https://ais.anac.gob.ar/descarga/aip-68de9bedbc48d
SACO	B	Estacionamiento y atraque	02/25	27-Nov-25	https://ais.anac.gob.ar/descarga/aip-68de9c0de9fcd
SACO	D	Obstáculos tipo A	01/26	11-Jun-26	https://ais.anac.gob.ar/descarga/aip-69e106e9c5c49
SACO	E	Obstáculos tipo B	01/26	11-Jun-26	https://ais.anac.gob.ar/descarga/aip-69e10730a0af0
SACO	G	Topográfica de precisión	01/23	13-Jul-23	https://ais.anac.gob.ar/descarga/aip-64682572d78be
SACO	I	Salida normalizada (SID)	01/24	11-Jul-24	https://ais.anac.gob.ar/descarga/aip-66462c79427e5
SACO	K	Llegada normalizada (STAR)	01/26	11-Jun-26	https://ais.anac.gob.ar/descarga/aip-69e1075c5640a
SACO	M	Aproximación por instrumentos	01/26	11-Jun-26	https://ais.anac.gob.ar/descarga/aip-69e1077541808
SADF	A	Plano de aeródromo	01/24	11-Jul-24	https://ais.anac.gob.ar/descarga/aip-66462d9ad4794
SADF	B	Estacionamiento y atraque	01/24	11-Jul-24	https://ais.anac.gob.ar/descarga/aip-66462db90439f
SADF	D	Obstáculos tipo A	02/25	27-Nov-25	https://ais.anac.gob.ar/descarga/aip-68de9c2fb7368
SADF	E	Obstáculos tipo B	01/24	11-Jul-24	https://ais.anac.gob.ar/descarga/aip-66462de13a2fb
SADF	M	Aproximación por instrumentos	02/23	30-Nov-23	https://ais.anac.gob.ar/descarga/aip-651ec48befdc6
SADJ	A	Plano de aeródromo	02/23	30-Nov-23	https://ais.anac.gob.ar/descarga/aip-651f01286f053
SADM	A	Plano de aeródromo	01/23	13-Jul-23	https://ais.anac.gob.ar/descarga/aip-6468ed1cc6654
SADP	A	Plano de aeródromo	02/23	30-Nov-23	https://ais.anac.gob.ar/descarga/aip-651ec55ece2f9
SADP	B	Estacionamiento y atraque	02/23	30-Nov-23	https://ais.anac.gob.ar/descarga/aip-651ec58075482
SADP	D	Obstáculos tipo A	02/23	30-Nov-23	https://ais.anac.gob.ar/descarga/aip-651ec58d3a409
SADP	K	Llegada normalizada (STAR)	02/23	30-Nov-23	https://ais.anac.gob.ar/descarga/aip-651ec59c193bb
SADP	M	Aproximación por instrumentos	01/26	11-Jun-26	https://ais.anac.gob.ar/descarga/aip-69e107d5da9e6
SAEZ	A	Plano de aeródromo	02/23	30-Nov-23	https://ais.anac.gob.ar/descarga/aip-651ec6aea3d78
SAEZ	B	Estacionamiento y atraque	01/26	11-Jun-26	https://ais.anac.gob.ar/descarga/aip-69e1081d3bca8
SAEZ	C	Movimientos en tierra	01/24	11-Jul-24	https://ais.anac.gob.ar/descarga/aip-66462e2935652
SAEZ	D	Obstáculos tipo A	01/26	11-Jun-26	https://ais.anac.gob.ar/descarga/aip-69e108503ab0c
SAEZ	E	Obstáculos tipo B	01/26	11-Jun-26	https://ais.anac.gob.ar/descarga/aip-69e10862e5e26
SAEZ	G	Topográfica de precisión	01/23	13-Jul-23	https://ais.anac.gob.ar/descarga/aip-6468d17576cf2
SAEZ	I	Salida normalizada (SID)	02/25	27-Nov-25	https://ais.anac.gob.ar/descarga/aip-68de9cd33c138
SAEZ	K	Llegada normalizada (STAR)	02/25	27-Nov-25	https://ais.anac.gob.ar/descarga/aip-68de9d1b42ff1
SAEZ	M	Aproximación por instrumentos	02/25	27-Nov-25	https://ais.anac.gob.ar/descarga/aip-68de9d4909531
SAME	A	Plano de aeródromo	01/25	12-Jun-25	https://ais.anac.gob.ar/descarga/aip-68011c8d9e1e1
SAME	B	Estacionamiento y atraque	01/25	12-Jun-25	https://ais.anac.gob.ar/descarga/aip-6801727367090
SAME	D	Obstáculos tipo A	02/23	30-Nov-23	https://ais.anac.gob.ar/descarga/aip-651ec7973cf83
SAME	E	Obstáculos tipo B	02/23	30-Nov-23	https://ais.anac.gob.ar/descarga/aip-651ec7a5c5d36
SAME	I	Salida normalizada (SID)	01/26	11-Jun-26	https://ais.anac.gob.ar/descarga/aip-69e24d3c21ef0
SAME	K	Llegada normalizada (STAR)	01/26	11-Jun-26	https://ais.anac.gob.ar/descarga/aip-69e24d71e00d2
SAME	M	Aproximación por instrumentos	01/26	11-Jun-26	https://ais.anac.gob.ar/descarga/aip-69e24dc545363
SAMM	A	Plano de aeródromo	01/25	12-Jun-25	https://ais.anac.gob.ar/descarga/aip-68011d0f6de65
SAMM	B	Estacionamiento y atraque	02/24	28-Nov-24	https://ais.anac.gob.ar/descarga/aip-670079a82719b
SAMM	M	Aproximación por instrumentos	01/26	11-Jun-26	https://ais.anac.gob.ar/descarga/aip-69e108f0c96a6
SAMR	A	Plano de aeródromo	01/25	12-Jun-25	https://ais.anac.gob.ar/descarga/aip-6802ea5364029
SAMR	B	Estacionamiento y atraque	02/25	27-Nov-25	https://ais.anac.gob.ar/descarga/aip-68de9d73b9fb0
SAMR	M	Aproximación por instrumentos	01/25	12-Jun-25	https://ais.anac.gob.ar/descarga/aip-68058282e1359
SANC	A	Plano de aeródromo	01/25	12-Jun-25	https://ais.anac.gob.ar/descarga/aip-68011d78277ee
SANC	B	Estacionamiento y atraque	01/25	12-Jun-25	https://ais.anac.gob.ar/descarga/aip-68011d8d6a962
SANC	I	Salida normalizada (SID)	01/25	12-Jun-25	https://ais.anac.gob.ar/descarga/aip-68011d9bb979c
SANC	K	Llegada normalizada (STAR)	02/23	30-Nov-23	https://ais.anac.gob.ar/descarga/aip-651f033cae0e0
SANC	M	Aproximación por instrumentos	02/23	30-Nov-23	https://ais.anac.gob.ar/descarga/aip-651f034a895b0
SANE	A	Plano de aeródromo	02/24	28-Nov-24	https://ais.anac.gob.ar/descarga/aip-670079c86dde4
SANE	B	Estacionamiento y atraque	02/24	28-Nov-24	https://ais.anac.gob.ar/descarga/aip-670079dee94fe
SANE	E	Obstáculos tipo B	01/25	12-Jun-25	https://ais.anac.gob.ar/descarga/aip-68011dc32ff9e
SANE	I	Salida normalizada (SID)	01/26	11-Jun-26	https://ais.anac.gob.ar/descarga/aip-69e1092641f23
SANE	M	Aproximación por instrumentos	01/26	11-Jun-26	https://ais.anac.gob.ar/descarga/aip-69e1096e278a1
SANL	A	Plano de aeródromo	01/23	13-Jul-23	https://ais.anac.gob.ar/descarga/aip-6468f0e97f3b8
SANL	B	Estacionamiento y atraque	01/23	13-Jul-23	https://ais.anac.gob.ar/descarga/aip-6468f0fa31567
SANL	E	Obstáculos tipo B	01/23	13-Jul-23	https://ais.anac.gob.ar/descarga/aip-6801937466a7a
SANL	M	Aproximación por instrumentos	01/25	12-Jun-25	https://ais.anac.gob.ar/descarga/aip-68011e0200eee
SANR	A	Plano de aeródromo	01/26	11-Jun-26	https://ais.anac.gob.ar/descarga/aip-69e10992324d6
SANR	B	Estacionamiento y atraque	01/26	11-Jun-26	https://ais.anac.gob.ar/descarga/aip-69e109ed91d15
SANR	E	Obstáculos tipo B	01/26	11-Jun-26	https://ais.anac.gob.ar/descarga/aip-69e10a014cafa
SANR	M	Aproximación por instrumentos	01/26	11-Jun-26	https://ais.anac.gob.ar/descarga/aip-69e10a1419282
SANT	A	Plano de aeródromo	01/26	11-Jun-26	https://ais.anac.gob.ar/descarga/aip-69e10a25336eb
SANT	B	Estacionamiento y atraque	01/26	11-Jun-26	https://ais.anac.gob.ar/descarga/aip-69e10abf364bf
SANT	D	Obstáculos tipo A	01/24	11-Jul-24	https://ais.anac.gob.ar/descarga/aip-66462fd05a505
SANT	E	Obstáculos tipo B	01/24	11-Jul-24	https://ais.anac.gob.ar/descarga/aip-66462fe08710b
SANT	I	Salida normalizada (SID)	01/23	13-Jul-23	https://ais.anac.gob.ar/descarga/aip-6468d519f278c
SANT	K	Llegada normalizada (STAR)	01/25	12-Jun-25	https://ais.anac.gob.ar/descarga/aip-68011f57d54eb
SANT	M	Aproximación por instrumentos	01/26	11-Jun-26	https://ais.anac.gob.ar/descarga/aip-69e10ad12f1e0
SANU	A	Plano de aeródromo	02/25	27-Nov-25	https://ais.anac.gob.ar/descarga/aip-68de9eda5491a
SANU	B	Estacionamiento y atraque	02/25	27-Nov-25	https://ais.anac.gob.ar/descarga/aip-68dea06377505
SANU	K	Llegada normalizada (STAR)	01/25	12-Jun-25	https://ais.anac.gob.ar/descarga/aip-68011fd0dd9a6
SANU	M	Aproximación por instrumentos	01/25	12-Jun-25	https://ais.anac.gob.ar/descarga/aip-6851a4c2c146c
SAOC	A	Plano de aeródromo	02/25	27-Nov-25	https://ais.anac.gob.ar/descarga/aip-68de9de8ed19e
SAOC	B	Estacionamiento y atraque	01/26	11-Jun-26	https://ais.anac.gob.ar/descarga/aip-69e10b4798bf0
SAOC	E	Obstáculos tipo B	02/25	27-Nov-25	https://ais.anac.gob.ar/descarga/aip-68de9e1c7cade
SAOC	M	Aproximación por instrumentos	01/26	11-Jun-26	https://ais.anac.gob.ar/descarga/aip-69e10b6e44b1a
SAOR	E	Obstáculos tipo B	01/23	13-Jul-23	https://ais.anac.gob.ar/descarga/aip-6468f56deb118
SAOR	M	Aproximación por instrumentos	01/26	11-Jun-26	https://ais.anac.gob.ar/descarga/aip-69e10bcd28192
SAOS	E	Obstáculos tipo B	01/23	13-Jul-23	https://ais.anac.gob.ar/descarga/aip-6468f76e18411
SAOS	M	Aproximación por instrumentos	01/23	13-Jul-23	https://ais.anac.gob.ar/descarga/aip-6468f794310cb
SAOU	A	Plano de aeródromo	02/23	30-Nov-23	https://ais.anac.gob.ar/descarga/aip-651f0521c52ce
SAOU	B	Estacionamiento y atraque	02/23	30-Nov-23	https://ais.anac.gob.ar/descarga/aip-651f0542470c8
SAOU	I	Salida normalizada (SID)	01/26	11-Jun-26	https://ais.anac.gob.ar/descarga/aip-69e10c73ac0c8
SAOU	K	Llegada normalizada (STAR)	01/26	11-Jun-26	https://ais.anac.gob.ar/descarga/aip-69e10d575e990
SAOU	M	Aproximación por instrumentos	01/26	11-Jun-26	https://ais.anac.gob.ar/descarga/aip-69e10d674dcf6
SARC	A	Plano de aeródromo	01/25	12-Jun-25	https://ais.anac.gob.ar/descarga/aip-68066d8ddbfdd
SARC	B	Estacionamiento y atraque	01/25	12-Jun-25	https://ais.anac.gob.ar/descarga/aip-68066e6ebad80
SARC	D	Obstáculos tipo A	01/24	11-Jul-24	https://ais.anac.gob.ar/descarga/aip-664630cf3ac62
SARC	E	Obstáculos tipo B	01/24	11-Jul-24	https://ais.anac.gob.ar/descarga/aip-664630e6a66fd
SARC	I	Salida normalizada (SID)	01/26	11-Jun-26	https://ais.anac.gob.ar/descarga/aip-69e10d861c9a0
SARC	K	Llegada normalizada (STAR)	01/26	11-Jun-26	https://ais.anac.gob.ar/descarga/aip-69e10dc2b6f50
SARC	M	Aproximación por instrumentos	01/26	11-Jun-26	https://ais.anac.gob.ar/descarga/aip-69e10dd5b38a9
SARE	A	Plano de aeródromo	01/25	12-Jun-25	https://ais.anac.gob.ar/descarga/aip-6801221786eda
SARE	B	Estacionamiento y atraque	01/25	12-Jun-25	https://ais.anac.gob.ar/descarga/aip-680122278889d
SARE	D	Obstáculos tipo A	01/24	11-Jul-24	https://ais.anac.gob.ar/descarga/aip-6646313b10ef3
SARE	E	Obstáculos tipo B	01/24	11-Jul-24	https://ais.anac.gob.ar/descarga/aip-66463147ded9c
SARE	I	Salida normalizada (SID)	02/23	30-Nov-23	https://ais.anac.gob.ar/descarga/aip-651ecceee4840
SARE	K	Llegada normalizada (STAR)	02/23	30-Nov-23	https://ais.anac.gob.ar/descarga/aip-651ecd1d12982
SARE	M	Aproximación por instrumentos	01/25	12-Jun-25	https://ais.anac.gob.ar/descarga/aip-6801223687640
SARF	A	Plano de aeródromo	01/26	11-Jun-26	https://ais.anac.gob.ar/descarga/aip-69e10df95a1e0
SARF	B	Estacionamiento y atraque	01/26	11-Jun-26	https://ais.anac.gob.ar/descarga/aip-69e110d2641fc
SARF	D	Obstáculos tipo A	02/23	30-Nov-23	https://ais.anac.gob.ar/descarga/aip-651ed39d158d1
SARF	M	Aproximación por instrumentos	02/23	30-Nov-23	https://ais.anac.gob.ar/descarga/aip-65203b0aa4c90
SARI	A	Plano de aeródromo	01/23	13-Jul-23	https://ais.anac.gob.ar/descarga/aip-6468d9ade4865
SARI	B	Estacionamiento y atraque	01/23	13-Jul-23	https://ais.anac.gob.ar/descarga/aip-6468d99f9877d
SARI	D	Obstáculos tipo A	01/23	13-Jul-23	https://ais.anac.gob.ar/descarga/aip-6468d9936fcd4
SARI	I	Salida normalizada (SID)	01/23	13-Jul-23	https://ais.anac.gob.ar/descarga/aip-6468d985493ea
SARI	K	Llegada normalizada (STAR)	01/23	13-Jul-23	https://ais.anac.gob.ar/descarga/aip-6468d975be684
SARI	M	Aproximación por instrumentos	01/25	12-Jun-25	https://ais.anac.gob.ar/descarga/aip-6801229096f22
SARL	A	Plano de aeródromo	01/24	11-Jul-24	https://ais.anac.gob.ar/descarga/aip-6646319f69791
SARL	D	Obstáculos tipo A	01/23	13-Jul-23	https://ais.anac.gob.ar/descarga/aip-6468daec7a856
SARP	A	Plano de aeródromo	01/26	11-Jun-26	https://ais.anac.gob.ar/descarga/aip-69e11166ef12b
SARP	B	Estacionamiento y atraque	01/26	11-Jun-26	https://ais.anac.gob.ar/descarga/aip-69e1133c3d5a1
SARP	D	Obstáculos tipo A	01/26	11-Jun-26	https://ais.anac.gob.ar/descarga/aip-69e1134e9b9d6
SARP	E	Obstáculos tipo B	01/26	11-Jun-26	https://ais.anac.gob.ar/descarga/aip-69e113606b8e0
SARP	M	Aproximación por instrumentos	02/23	30-Nov-23	https://ais.anac.gob.ar/descarga/aip-653bd62fa672d
SASA	A	Plano de aeródromo	02/25	27-Nov-25	https://ais.anac.gob.ar/descarga/aip-68dea15e83737
SASA	B	Estacionamiento y atraque	02/25	27-Nov-25	https://ais.anac.gob.ar/descarga/aip-68dea17800eb7
SASA	D	Obstáculos tipo A	01/23	13-Jul-23	https://ais.anac.gob.ar/descarga/aip-6468dc5f89944
SASA	I	Salida normalizada (SID)	01/25	12-Jun-25	https://ais.anac.gob.ar/descarga/aip-680123092f9a0
SASA	K	Llegada normalizada (STAR)	01/25	12-Jun-25	https://ais.anac.gob.ar/descarga/aip-6801231a65303
SASA	M	Aproximación por instrumentos	01/25	12-Jun-25	https://ais.anac.gob.ar/descarga/aip-68012327afa22
SASJ	A	Plano de aeródromo	02/25	27-Nov-25	https://ais.anac.gob.ar/descarga/aip-68dea18bc8265
SASJ	B	Estacionamiento y atraque	02/25	27-Nov-25	https://ais.anac.gob.ar/descarga/aip-68dea1b4ba71b
SASJ	D	Obstáculos tipo A	02/23	30-Nov-23	https://ais.anac.gob.ar/descarga/aip-651ed4c57c3c9
SASJ	E	Obstáculos tipo B	02/25	27-Nov-25	https://ais.anac.gob.ar/descarga/aip-68dea1cc4ae91
SASJ	I	Salida normalizada (SID)	01/25	12-Jun-25	https://ais.anac.gob.ar/descarga/aip-6801238f840da
SASJ	K	Llegada normalizada (STAR)	01/25	12-Jun-25	https://ais.anac.gob.ar/descarga/aip-680123a540cbd
SASJ	M	Aproximación por instrumentos	01/25	12-Jun-25	https://ais.anac.gob.ar/descarga/aip-680123b991b6f
SATR	A	Plano de aeródromo	01/25	12-Jun-25	https://ais.anac.gob.ar/descarga/aip-6807dda674ee2
SATR	B	Estacionamiento y atraque	01/25	12-Jun-25	https://ais.anac.gob.ar/descarga/aip-6807ddfc3aed7
SATR	E	Obstáculos tipo B	01/24	11-Jul-24	https://ais.anac.gob.ar/descarga/aip-6646323dcc767
SATR	M	Aproximación por instrumentos	01/24	11-Jul-24	https://ais.anac.gob.ar/descarga/aip-6646325c580eb
SAVC	A	Plano de aeródromo	02/25	27-Nov-25	https://ais.anac.gob.ar/descarga/aip-68dea1f76e25e
SAVC	B	Estacionamiento y atraque	02/25	27-Nov-25	https://ais.anac.gob.ar/descarga/aip-68dea21e60df8
SAVC	D	Obstáculos tipo A	01/24	11-Jul-24	https://ais.anac.gob.ar/descarga/aip-6646329fce919
SAVC	I	Salida normalizada (SID)	02/23	30-Nov-23	https://ais.anac.gob.ar/descarga/aip-651ed68b627cf
SAVC	K	Llegada normalizada (STAR)	02/23	30-Nov-23	https://ais.anac.gob.ar/descarga/aip-651ed69ca31df
SAVC	M	Aproximación por instrumentos	01/25	12-Jun-25	https://ais.anac.gob.ar/descarga/aip-680124016c956
SAVE	A	Plano de aeródromo	01/23	13-Jul-23	https://ais.anac.gob.ar/descarga/aip-6468f9e95acf3
SAVE	B	Estacionamiento y atraque	01/23	13-Jul-23	https://ais.anac.gob.ar/descarga/aip-6468fa14d17b6
SAVE	E	Obstáculos tipo B	01/23	13-Jul-23	https://ais.anac.gob.ar/descarga/aip-6468fa2226f3a
SAVE	M	Aproximación por instrumentos	01/26	11-Jun-26	https://ais.anac.gob.ar/descarga/aip-69e114cce9faa
SAVT	A	Plano de aeródromo	02/23	30-Nov-23	https://ais.anac.gob.ar/descarga/aip-651ed93d6b7c0
SAVT	B	Estacionamiento y atraque	02/23	30-Nov-23	https://ais.anac.gob.ar/descarga/aip-651ed95c6f4da
SAVT	D	Obstáculos tipo A	02/23	30-Nov-23	https://ais.anac.gob.ar/descarga/aip-651ed96897cbf
SAVT	I	Salida normalizada (SID)	02/23	30-Nov-23	https://ais.anac.gob.ar/descarga/aip-651ed9bbe8d1d
SAVT	K	Llegada normalizada (STAR)	02/23	30-Nov-23	https://ais.anac.gob.ar/descarga/aip-651eda7be7c89
SAVT	M	Aproximación por instrumentos	01/25	12-Jun-25	https://ais.anac.gob.ar/descarga/aip-680124d58b263
SAVV	A	Plano de aeródromo	02/23	30-Nov-23	https://ais.anac.gob.ar/descarga/aip-651f0637b06dd
SAVV	B	Estacionamiento y atraque	02/23	30-Nov-23	https://ais.anac.gob.ar/descarga/aip-651f06552a0b5
SAVV	I	Salida normalizada (SID)	02/23	30-Nov-23	https://ais.anac.gob.ar/descarga/aip-651f066188c38
SAVV	M	Aproximación por instrumentos	02/23	30-Nov-23	https://ais.anac.gob.ar/descarga/aip-6520370d43532
SAVY	A	Plano de aeródromo	01/24	11-Jul-24	https://ais.anac.gob.ar/descarga/aip-66589b5317caa
SAVY	B	Estacionamiento y atraque	01/24	11-Jul-24	https://ais.anac.gob.ar/descarga/aip-6646337b0fa44
SAVY	E	Obstáculos tipo B	01/23	13-Jul-23	https://ais.anac.gob.ar/descarga/aip-6468fb781b267
SAVY	I	Salida normalizada (SID)	01/23	13-Jul-23	https://ais.anac.gob.ar/descarga/aip-6468fb87150a0
SAVY	M	Aproximación por instrumentos	01/25	12-Jun-25	https://ais.anac.gob.ar/descarga/aip-68058401cb218
SAWC	A	Plano de aeródromo	02/23	30-Nov-23	https://ais.anac.gob.ar/descarga/aip-651edb23416c7
SAWC	B	Estacionamiento y atraque	02/23	30-Nov-23	https://ais.anac.gob.ar/descarga/aip-651edb49c61df
SAWC	D	Obstáculos tipo A	02/23	30-Nov-23	https://ais.anac.gob.ar/descarga/aip-651edb57bbbdc
SAWC	E	Obstáculos tipo B	02/23	30-Nov-23	https://ais.anac.gob.ar/descarga/aip-651edb6423a84
SAWC	I	Salida normalizada (SID)	02/23	30-Nov-23	https://ais.anac.gob.ar/descarga/aip-651edb717761b
SAWC	K	Llegada normalizada (STAR)	02/23	30-Nov-23	https://ais.anac.gob.ar/descarga/aip-651edb81bcd03
SAWC	M	Aproximación por instrumentos	01/25	12-Jun-25	https://ais.anac.gob.ar/descarga/aip-680125ff5a7bf
SAWE	A	Plano de aeródromo	02/23	30-Nov-23	https://ais.anac.gob.ar/descarga/aip-651edc4e712d3
SAWE	B	Estacionamiento y atraque	01/26	11-Jun-26	https://ais.anac.gob.ar/descarga/aip-69e2583c72123
SAWE	D	Obstáculos tipo A	02/23	30-Nov-23	https://ais.anac.gob.ar/descarga/aip-651edc7e84d0b
SAWE	M	Aproximación por instrumentos	01/26	11-Jun-26	https://ais.anac.gob.ar/descarga/aip-69e2585f4dba0
SAWG	A	Plano de aeródromo	01/26	11-Jun-26	https://ais.anac.gob.ar/descarga/aip-69e115aee0fcb
SAWG	B	Estacionamiento y atraque	01/26	11-Jun-26	https://ais.anac.gob.ar/descarga/aip-69e116030a7f0
SAWG	D	Obstáculos tipo A	01/23	13-Jul-23	https://ais.anac.gob.ar/descarga/aip-6468de9035be9
SAWG	E	Obstáculos tipo B	01/26	11-Jun-26	https://ais.anac.gob.ar/descarga/aip-69e11614069ab
SAWG	I	Salida normalizada (SID)	01/26	11-Jun-26	https://ais.anac.gob.ar/descarga/aip-69e1162614cc5
SAWG	K	Llegada normalizada (STAR)	01/26	11-Jun-26	https://ais.anac.gob.ar/descarga/aip-69e11637ab7b2
SAWG	M	Aproximación por instrumentos	01/26	11-Jun-26	https://ais.anac.gob.ar/descarga/aip-69e1164954efa
SAWH	A	Plano de aeródromo	02/23	30-Nov-23	https://ais.anac.gob.ar/descarga/aip-651edf9f3a212
SAWH	B	Estacionamiento y atraque	01/25	12-Jun-25	https://ais.anac.gob.ar/descarga/aip-6801972fc475b
SAWH	D	Obstáculos tipo A	02/23	30-Nov-23	https://ais.anac.gob.ar/descarga/aip-651edfdcb1c52
SAWH	E	Obstáculos tipo B	02/23	30-Nov-23	https://ais.anac.gob.ar/descarga/aip-651edfe8a9124
SAWH	I	Salida normalizada (SID)	01/26	11-Jun-26	https://ais.anac.gob.ar/descarga/aip-69e11675622fb
SAWH	K	Llegada normalizada (STAR)	01/26	11-Jun-26	https://ais.anac.gob.ar/descarga/aip-69e116b09021e
SAWH	M	Aproximación por instrumentos	01/26	11-Jun-26	https://ais.anac.gob.ar/descarga/aip-69e116c2850d9
SAZB	A	Plano de aeródromo	01/23	13-Jul-23	https://ais.anac.gob.ar/descarga/aip-6468fdb54f646
SAZB	B	Estacionamiento y atraque	01/23	13-Jul-23	https://ais.anac.gob.ar/descarga/aip-6468fdd5e6161
SAZB	I	Salida normalizada (SID)	01/25	12-Jun-25	https://ais.anac.gob.ar/descarga/aip-68012836af009
SAZB	K	Llegada normalizada (STAR)	01/25	12-Jun-25	https://ais.anac.gob.ar/descarga/aip-6801284d9e6d1
SAZB	M	Aproximación por instrumentos	01/25	12-Jun-25	https://ais.anac.gob.ar/descarga/aip-6801285f7cdc1
SAZM	A	Plano de aeródromo	02/25	27-Nov-25	https://ais.anac.gob.ar/descarga/aip-68dea30306f10
SAZM	B	Estacionamiento y atraque	02/25	27-Nov-25	https://ais.anac.gob.ar/descarga/aip-68dea31b72d78
SAZM	D	Obstáculos tipo A	02/23	30-Nov-23	https://ais.anac.gob.ar/descarga/aip-651ee07c2f876
SAZM	I	Salida normalizada (SID)	02/23	30-Nov-23	https://ais.anac.gob.ar/descarga/aip-651ee08d3f956
SAZM	K	Llegada normalizada (STAR)	02/23	30-Nov-23	https://ais.anac.gob.ar/descarga/aip-651ee09ec8bd6
SAZM	M	Aproximación por instrumentos	01/25	12-Jun-25	https://ais.anac.gob.ar/descarga/aip-68012895d6062
SAZN	A	Plano de aeródromo	01/25	12-Jun-25	https://ais.anac.gob.ar/descarga/aip-680129812bd52
SAZN	B	Estacionamiento y atraque	01/25	12-Jun-25	https://ais.anac.gob.ar/descarga/aip-68016b5fc7a32
SAZN	D	Obstáculos tipo A	02/23	30-Nov-23	https://ais.anac.gob.ar/descarga/aip-651ee29139518
SAZN	E	Obstáculos tipo B	02/23	30-Nov-23	https://ais.anac.gob.ar/descarga/aip-651ee2a383b9f
SAZN	I	Salida normalizada (SID)	02/25	27-Nov-25	https://ais.anac.gob.ar/descarga/aip-68dea32c66637
SAZN	K	Llegada normalizada (STAR)	02/25	27-Nov-25	https://ais.anac.gob.ar/descarga/aip-68dea34faa99d
SAZN	M	Aproximación por instrumentos	02/25	27-Nov-25	https://ais.anac.gob.ar/descarga/aip-68dea368f1b9d
SAZR	A	Plano de aeródromo	01/25	12-Jun-25	https://ais.anac.gob.ar/descarga/aip-68012a4a97c56
SAZR	B	Estacionamiento y atraque	01/25	12-Jun-25	https://ais.anac.gob.ar/descarga/aip-68012a61051ad
SAZR	I	Salida normalizada (SID)	01/26	11-Jun-26	https://ais.anac.gob.ar/descarga/aip-69e1236c3dd07
SAZR	M	Aproximación por instrumentos	01/26	11-Jun-26	https://ais.anac.gob.ar/descarga/aip-69e63721bc2fc
SAZS	A	Plano de aeródromo	01/26	11-Jun-26	https://ais.anac.gob.ar/descarga/aip-69e123d149890
SAZS	B	Estacionamiento y atraque	01/26	11-Jun-26	https://ais.anac.gob.ar/descarga/aip-69f1f54c15953
SAZS	D	Obstáculos tipo A	01/23	13-Jul-23	https://ais.anac.gob.ar/descarga/aip-6468e78e43d2f
SAZS	I	Salida normalizada (SID)	01/25	12-Jun-25	https://ais.anac.gob.ar/descarga/aip-6807a59c367ae
SAZS	K	Llegada normalizada (STAR)	01/23	13-Jul-23	https://ais.anac.gob.ar/descarga/aip-6468e7d9b18e9
SAZS	M	Aproximación por instrumentos	01/25	12-Jun-25	https://ais.anac.gob.ar/descarga/aip-68064d7e5f7a3
SAZT	A	Plano de aeródromo	01/25	12-Jun-25	https://ais.anac.gob.ar/descarga/aip-68012add4eaef
SAZT	B	Estacionamiento y atraque	01/25	12-Jun-25	https://ais.anac.gob.ar/descarga/aip-68012aebed11b
SAZT	M	Aproximación por instrumentos	01/26	11-Jun-26	https://ais.anac.gob.ar/descarga/aip-69e1242d17847
SAZY	A	Plano de aeródromo	02/23	30-Nov-23	https://ais.anac.gob.ar/descarga/aip-651f0f05dbedc
SAZY	B	Estacionamiento y atraque	02/23	30-Nov-23	https://ais.anac.gob.ar/descarga/aip-651f0f1280544
SAZY	E	Obstáculos tipo B	02/23	30-Nov-23	https://ais.anac.gob.ar/descarga/aip-651f0f1ea4f6f
SAZY	I	Salida normalizada (SID)	02/23	30-Nov-23	https://ais.anac.gob.ar/descarga/aip-651f0f2d297f6
SAZY	K	Llegada normalizada (STAR)	02/23	30-Nov-23	https://ais.anac.gob.ar/descarga/aip-651f0f4b7ce19
SAZY	M	Aproximación por instrumentos	01/25	12-Jun-25	https://ais.anac.gob.ar/descarga/aip-68012b697a084
