AKNEL	-23.79889	-60.99556	UM799
AKNOS	-38.00139	-62.88444	W67-SID BCA-STAR BCA-TMA BCA
AKPEL	-25.03083	-59.69944	UM789-UL793-SID CRR SIS-STAR CRR SIS
AKPUR	-37.09333	-64.34083	T661-SID OSA-TMA OSA
AKRAS	-29.71778	-66.37083	W16
AKREN	-29.29222	-59.46222	IAC RTA
AKROG	-37.78444	-57.86694	STAR MDP-IAC MDP
AKSAS	-29.81750	-58.16083	UZ103-UT682
AKSIR	-25.05250	-65.54167	IAC SAL
AKVAD	-46.13361	-64.65750	UT108
AKVUP	-31.39250	-68.42000	IAC JUA
ALBAL	-34.18333	-69.81667	M424-UM424-UT652
ALDEX	-31.66028	-65.19639	A307-W23-Z104-UZ125-UL531-UT685-UZ105-SID CBA-STAR CBA
ALDOR	-33.49972	-63.91833	W19
ALDOS	-26.23056	-54.68889	B687-UP779-UL324-SID IGU-TMA FOZ
ALDUP	-41.01750	-62.75972	IAC VIE
ALGAR	-25.77500	-66.07722	UL322-UL550-SID TUC-STAR SAL-STAR TUC-STAR JUJ
ALGEL	-25.87000	-55.17056	A307-SID IGU-STAR IGU-TMA FOZ
ALGIL	-40.55806	-71.13861	W32-STAR BAR-SID BAR-TMA BAR-TMA CHP-STAR CHP-IAC CHP-SID
ALGUG	-40.17806	-71.47667	IAC CHP
ALOTE	-32.96528	-64.12250	IAC TRC
AMIAS	-28.28639	-65.67778	IAC CAT-STAR CAT
AMVIB	-31.02750	-59.90806	UN775-UM418
ANBAV	-25.38667	-54.59639	STAR IGU
ANBUK	-25.76306	-54.08778	SID IGU
ANDEG	-28.61583	-64.29167	W6-UW6-UZ112
ANDEX	-46.68694	-67.48000	W18-TMA CRV
ANDUD	-35.57722	-62.96361	UW68-UT688
ANDUS	-45.00389	-58.89139	UT103
ANGEM	-38.53306	-62.11500	IAC BCA-STAR BCA
ANGEN	-27.34556	-64.60444	UT680-W8-STAR TUC-SID SDE TUC-TMA SDE-TMA TUC
ANKAB	-24.96028	-65.09278	SID SAL
ANKOK	-38.24972	-51.00028	UL211F
ANKON	-35.20000	-70.50000	B684-Z122-UM783-UZ122-STAR MLG
ANLAG	-29.12806	-59.89722	IAC RTA
ANLIS	-33.53139	-67.35417	UT688-W71-STAR DOZ
ANPOT	-29.21194	-59.99194	IAC RTA
ANRAL	-32.53333	-59.36889	UL417-UM534
ANROR	-39.04556	-67.83222	STAR NEU
ANSIB	-51.62250	-69.60500	IAC GAL-STAR GAL
ANSIG	-28.25611	-64.83111	W5
ANSOT	-42.64944	-70.95778	IAC ESQ
ARMOS	-24.29167	-67.97917	UM543
ARMUP	-34.35444	-62.10833	UL405-UT705-W9-W72
AROPO	-45.90000	-71.23333	W58
ARPAS	-25.73167	-57.87528	A428-UM529-UZ124-TMA FSA
ARSOT	-34.76028	-58.89750	TMA BAIRES-IAC EZE-STAR AER EZE
ARTOK	-39.29833	-68.61722	W26-STAR NEU-TMA NEU
ARTUV	-27.81972	-64.34194	SID SDE
ARULA	-28.72833	-56.14278	UM400
ARUSO	-32.31583	-65.47056	W19
ARVAG	-53.77333	-67.59417	IAC GRA
ARVET	-37.42444	-68.24194	UW37-W37
ARVOV	-38.90667	-66.12194	T654-UT654-W32-UW32
ASADA	-35.02583	-59.62583	W68-UW68-M424-UM424-T655-UT655-STAR AER EZE-SID AER EZE
ASADO	-48.02694	-71.48167	T659-UT659-UL670
ASAPO	-37.04889	-59.31250	IAC DIL
ASBAN	-29.12500	-59.46417	IAC RTA
ASBEL	-24.52472	-65.01500	IAC JUJ
ASDEP	-38.84806	-68.38750	STAR NEU-IAC NEU
ASELO	-28.90472	-59.03528	W14-TMA RTA
ASGAS	-29.69861	-59.83056	W20-TMA RTA
ASGEN	-52.93611	-66.65472	T704-UT704
ASGIM	-42.50333	-64.85444	STAR TRE
ASIMO	-31.88333	-70.31667	UM799-UL322-UM529
ASISA	-31.66722	-63.21444	W5-UW5-STAR CBA-TMA CBA
ASKAS	-51.78833	-66.00111	W54-UW54-T662-UT662-UT704-T704
ASODO	-26.10778	-64.14500	UT672-T673-STAR JUJ
ASOLO	-33.32944	-67.78833	UT687-UT688
ASOPA	-49.61417	-71.29389	W48-UW48-UL670-STAR ECA-Z116-UZ116-TMA ECA
ASOTA	-31.14444	-68.10250	W3-SID JUA-STAR JUA-TMA JUA-Z119
ASUPI	-42.66472	-64.89806	IAC DRY
ASUTO	-42.93556	-70.42556	W40-TMA ESQ
ATAGU	-32.64417	-60.72583	SID ROS-IAC ROS-STAR ROS
ATAKO	-41.64694	-70.80361	W39-UW39-STAR BAR-SID BAR-TMA BAR
ATEXI	-50.30389	-72.45944	STAR ECA-IAC ECA
ATIPI	-30.89333	-58.37556	UM418-UZ103
ATIPO	-50.16611	-71.72389	STAR ECA-IAC ECA
ATIRA	-41.40361	-70.49639	W38-UW38- SID BAR-STAR BAR-TMA BAR
ATITO	-38.01444	-60.00417	UP664-W18-UW18-TMA DIL
ATOBI	-29.29500	-59.89611	IAC RTA
ATOKI	-52.73000	-62.23083	UW46-CTR MOUNT PLEASANT
ATOMO	-41.13361	-69.66417	W33-UW33
ATOSA	-29.20778	-59.36806	IAC RTA
ATOVO	-34.06111	-59.15056	W5-UW5-SID AER EZE-TMA BAIRES
BISOG	-51.61000	-72.22139	T659 UT659
BISUL	-43.52278	-53.00000	AORRA
BITAG	-31.33028	-68.41194	SID JUA
BITIS	-26.97222	-64.08944	W7-Z120-SID TUC-STAR TUC-TMA TUC
BITUS	-28.20111	-57.59028	UP526-W14-UW14-P526
BITUT	-45.00389	-65.16583	UT109
BIVAM	-33.97111	-58.94556	W8-UW8-UN775-SID AER EZE-TMA BAIRES
BIVID	-28.14472	-61.92250	UM529
BIVIK	-43.39361	-71.01306	T658-TMA ESQ
BIXAS	-29.20861	-59.46333	IAC RTA
BIXIM	-37.34722	-63.01611	T654-UT654-UW41-UT669
BIXOL	-27.18472	-58.94278	IAC SIS-STAR CRR SIS
BOBAP	-34.44500	-67.80250	M424-UM424-TMA SRA
BOBIK	-27.21222	-58.45611	A307-UL531-SID CRR SIS-STAR SIS CRR -TMA SIS
BOBIM	-43.11694	-64.93667	STAR TRE-IAC TRE
BODAG	-40.83611	-62.69389	IAC VIE
BODIR	-35.15361	-60.34861	W68-UW68
BODUN	-46.67000	-67.64361	UP664-TMA CRV-STAR CRV-SID CRV-W49
BOGEG	-37.37389	-57.71028	SID MDP
BOGOR	-41.16583	-59.02611	UT103
BOKAS	-36.97306	-59.19972	IAC DIL
BOKIL	-29.11361	-56.95611	UM402-UN785
BOKUK	-48.44639	-70.03611	W48-UW48-T658-UT658-STAR ECA-SID ECA
BOMAM	-26.60917	-65.03639	IAC TUC
BONTA	-55.00000	-66.83333	W56-UW56-Z133-UZ133
BRANC	-28.96056	-65.83972	IAC CAT-STAR CAT
BUPLA	-27.23167	-61.67028	W7-Z120-UZ120
BURSA	-28.36389	-58.98750	A428-UL793-Z110-STAR CRR SIS-TMA SIS
BUSBA	-29.21167	-59.89667	IAC RTA
BUSLO	-28.13833	-67.64861	UL322-UL650
BUTAR	-38.94750	-68.51667	IAC NEU-STAR NEU
BUTMO	-35.63139	-63.32778	UT705-UW68
BUVOK	-50.72889	-71.15889	UW52-W52-UL670-G550
BUXOP	-36.68028	-64.29833	IAC OSA
CABAL	-30.92167	-60.21222	W20-TMA PAR
CARAI	-27.18222	-64.74000	IAC TUC
CHATO	-40.57194	-71.01472	W44-UW44-UZ108-SID BAR-STAR BAR-TMA BAR
COATI	-27.17500	-56.13000	A430-TMA POS
COSTA	-25.51194	-55.23639	SID IGU-STAR IGU
DABLI	-54.50000	-67.66778	T108-T704-UT704-SID USU-STAR USU-TMA USU-TMA GRA
DABOT	-32.41750	-60.64972	W20-SID ROS-TMA ROS-TMA PAR
DABUL	-31.78111	-68.41222	SID JUA
DADEB	-30.38222	-65.48306	W16-UW16-Z121
DADMI	-28.83194	-62.56139	UT672-UT677
DADOB	-37.06361	-59.10500	IAC DIL
DAGIG	-27.84917	-64.35944	IAC SDE
DAGOK	-47.47167	-65.13361	UT108-W50-UW 50
DAGOL	-25.74944	-54.88833	SID IGU
DAGRA	-27.63472	-56.45806	W14-TMA POS
DAKAX	-44.79694	-70.75694	T658-UT658-UZ116-Z116
DAKSA	-41.03083	-66.79333	UT106-UT657
DALAB	-32.33333	-58.67083	A428-Z110-UL793-UM534-UZ103
DALDU	-48.87361	-71.74778	T659 UT659 UT110
DALMI	-37.74111	-57.73306	IAC MDP-STAR MDP
DALUX	-31.07806	-63.93083	STAR CBA-IAC CBA
DAMAP	-29.81111	-67.11111	W3-Z119
DAMBA	-39.44861	-68.81889	W26
DAMIN	-38.78917	-63.33056	W32-UW32-SID BCA-STAR BCA-TMA BCA
DAMIS	-28.86056	-58.94917	A428-W14-UW14-UL793-Z110-STAR CRR SIS
DANRU	-29.42778	-60.40528	UN775-UW14
DAPSU	-36.76194	-64.31861	IAC OSA
DARKA	-35.29944	-56.25056	A310-UM792
DEVEB	-31.16667	-63.85417	IAC CBA
DEVIS	-51.05528	-70.49722	W52-UW52-SID ECA GAL-STAR ECA GAL-TMA GAL
DEXAL	-39.39917	-67.87028	UT106
DIDOM	-25.29833	-53.18500	STAR IGU
DIGER	-34.93000	-68.83972	W23-TMA SRA
DIGET	-27.01833	-58.76611	SID SIS CRR STAR SIS CRR-A428-TMA SIS-UZ124
DIGIS	-51.86194	-62.46778	W54-UW54
DIKEX	-31.20278	-63.91306	STAR CBA - IAC CBA
DIKIS	-35.14778	-69.12750	W23-TMA MLG
DIKOR	-28.26083	-64.16000	W70-UL550-SID SDE-TMA SDE
DIKOV	-33.35417	-64.25111	IAC TRC
DILAL	-26.13389	-65.75528	UL550-TMA TUC-STAR TUC
DILIL	-42.82528	-65.63139	SID DRY
DILIX	-31.83389	-68.41556	IAC JUA-STAR JUA
DILOG	-39.33750	-68.26667	UZ109-Z109
DOBNA	-39.92278	-70.77944	STAR CHP-IAC CHP
DODBO	-31.24500	-68.29667	IAC JUA-STAR JUA
DOGLA	-41.19222	-70.80222	IAC BAR-STAR BAR
DOKBA	-26.57111	-54.81556	B687-UP779-UL324-STAR IGU-UM657-UT667
DOKMU	-33.01306	-60.80972	IAC ROS
DOLMU	-25.48056	-54.63528	STAR IGU
DONBO	-48.03722	-66.22139	UT700
DONED	-39.64417	-60.62806	UW33-UZ117
DONKA	-30.40917	-64.39333	UN525-W5-UW5-SID CBA-STAR CBA-TMA CBA
DOPLU	-24.92139	-60.78889	SID SIS CRR STAR SIS CRR-UM789-UM784
DOPRI	-31.19722	-62.07556	W69-UL550-UM418
DORSI	-43.25694	-70.65000	W50
DORVO	-34.71611	-57.51722	UM424-UN857-A305-SID AER EZE-TMA BAIRES
DOSLO	-33.29333	-67.84778	W71-SID DOZ-STAR DOZ-TMA DOZ
DOSMO	-31.08028	-64.09556	STAR CBA-IAC CBA
DOTKO	-31.19250	-64.66111	STAR CBA
DOTRI	-38.54000	-61.00778	W32-UW32-SID BCA-STAR BCA-TMA BCA
DRAKE	-59.30778	-63.59472	T100-UT100
EDLUM	-25.64639	-65.99389	UL322-TMA SAL
EDMEL	-33.05417	-60.81889	IAC ROS
EDMOB	-31.54472	-64.51306	STAR CBA-IAC CBA
EDNAP	-34.86917	-63.54194	M424-UM424-W62-UW62
EDNUL	-31.43500	-64.04889	STAR CBA-IAC CBA
EDPAN	-54.66361	-67.64972	STAR USU
EDPIL	-38.81750	-61.93500	IAC BCA-STAR BCA
EDPUN	-29.32667	-61.70028	UL404
EDRAL	-33.52861	-66.75167	W23-STAR UIS-TMA UIS
EDRAR	-31.16722	-69.38917	B560
EDRIS	-33.42194	-66.59611	UW23-UL405
EDSIL	-48.10972	-71.77889	G550
EDSUB	-28.72556	-61.73361	UL417
EDVIK	-28.06694	-63.85556	W8-UT680
EGAKU	-32.54139	-65.40167	W23
EGANI	-36.51611	-60.22556	UW15-UW22-W22-UZ113
EGBOR	-50.54167	-71.38139	STAR ECA
EGEGU	-44.99556	-68.06278	W39-UW39-SID CRV-STAR CRV-TMA CRV
EGETU	-32.74611	-64.70917	W19
EGIKA	-29.55389	-68.61472	UL322-UT671
EGIMA	-38.32639	-59.73556	W32
EGLAS	-48.00000	-53.00000	AORRA
EGOBO	-39.38889	-68.46417	W30-TMA NEU-SID NEU
EGOKO	-38.85028	-64.58500	T661-W32-UW32-UT700
EGOPA	-32.78000	-64.03194	IAC TRC
EGOSA	-52.00000	-70.99500	G550-UL670
EGOVI	-35.88222	-61.32028	T655-UT655
EGULO	-27.47583	-55.96917	IAC SARP
EGUNO	-40.60306	-70.41556	W26-UW26-Z109-UZ109
EKATO	-43.15944	-66.50306	W40-STAR TRE-SID DRY TRE-TMA TRE
EKEMO	-36.28111	-57.39944	W59
EKERO	-35.01750	-69.36556	W44-STAR MLG-TMA MLG
EKIKI	-45.71889	-67.73694	SID CRV
EKIPI	-53.78500	-68.04528	IAC GRA
EKIVO	-41.32694	-70.87083	IAC BAR-STAR BAR
EKOPA	-40.39111	-68.02500	W34-UW34-T105-UT105
EKOTA	-39.82972	-70.48500	W32-SID CHP-STAR CHP-IAC CHP
ELABO	-33.46000	-62.79028	W10-UW10-UZ113
ELADA	-43.10528	-67.70444	W40-UW40-T105-UT105
ELAMO	-28.10056	-55.45222	UL324
ENPAL	-27.90139	-64.06056	SID SDE
ENPID	-34.70472	-58.15389	IAC AER-STAR AER
ENRAR	-43.30139	-65.87389	STAR TRE
ENRID	-26.87194	-64.90139	UT681-UZ120
ENRIL	-37.33917	-64.37222	T661-T655-UT700-UT655
ENTIB	-33.92139	-61.70556	UT670-UT705
ENTIS	-51.60139	-69.15917	IAC GAL
ENTOS	-34.37389	-65.70889	W65-TMA RYD
ENVOK	-28.18833	-65.65417	IAC CAT-SID CAT-STAR CAT
EPDIL	-27.67861	-58.74639	IAC CRR
EPGOL	-38.03417	-69.71167	R683
ERODE	-38.94861	-68.30417	IAC NEU
ERUMI	-37.05611	-59.20889	IAC DIL
ERUTU	-32.29028	-65.60389	Z104-W 19
ESABI	-25.81472	-54.28750	IAC IGU
ESAKO	-25.16389	-65.44111	IAC SAL-STAR SAL
ESBER	-36.74556	-64.42028	IAC OSA
ESBON	-53.76944	-67.45389	IAC GRA
ESITO	-33.89944	-68.86750	UZ108-A307-W37-W44-UW37-UW44-UT652-UL531-SID DOZ-STAR
ESKAD	-32.66972	-60.11833	W6-TMA PAR
ESKON	-33.23111	-60.32889	W 5-TMA ROS
ESKOP	-32.34417	-66.36472	UW57
ESLAN	-34.98194	-57.08472	UL405-UL211-SID EZE-STAR EZE
ESLED	-27.18889	-62.07194	UL404-UZ120
ESLOD	-27.71861	-58.80417	IAC CRR-STAR SIS CRR
ESLUN	-45.66083	-67.12167	STAR CRV-IAC CRV
ESMOK	-32.79389	-60.75972	IAC ROS
ESMOS	-28.09472	-59.79917	A307-UL531-SID CRR SIS-STAR CRR SIS-TMA SIS
ESNAM	-50.25278	-71.60861	STAR ECA-IAC ECA-SID ECA
ESNIM	-34.93944	-62.66083	UM424-UT705
ESNUG	-31.30889	-68.42083	IAC JUA-STAR JUA
ESNUR	-39.88167	-71.17694	STAR CHP-IAC CHP
ESOKA	-22.96833	-64.85472	UL322
ESONA	-31.43500	-64.16444	IAC CBA
ESPAT	-53.78806	-68.18583	IAC GRA
ESPER	-27.01139	-63.63222	UT672-UZ120-ANTIGRANIZO JUJ SUP
ESPEV	-51.70250	-69.64194	IAC GAL-STAR GAL
ESPIP	-27.01861	-65.13889	IAC TUC
ESUBI	-28.68722	-65.77389	IAC CAT-SID CAT
ESUKA	-27.03944	-53.77778	UM657
ESURO	-37.69528	-58.13556	W28-SID MDP-STAR MDP-TMA MDP-TMA DIL
ETALU	-34.51611	-67.18194	UM424-UT685
ETASO	-45.83306	-68.68389	W58-SID CRV-STAR CRV-TMA CRV
ETEPO	-30.72222	-65.02056	W16-UW16-SID CBA STAR CBA-TMA CBA
ETIBU	-38.55139	-68.84194	R683-STAR NEU
EVLAD	-42.96278	-66.09833	STAR TRE
EVPON	-31.08306	-64.33833	STAR CBA-IAC CBA
EVRIX	-40.12778	-71.31000	IAC CHP
EVSEG	-31.07444	-63.71250	STAR CBA
EVTAM	-31.23167	-62.63444	UM418-UT652
EVTEL	-34.34111	-58.45778	IAC FDO
EVTEX	-27.55750	-55.83639	IAC POS
FAUNA	-26.62111	-64.86944	IAC TUC
FILTI	-26.68528	-65.07500	IAC TUC
FRAGA	-33.58278	-66.01750	W9-SID UIS-STAR UIS-TMA RYD-TMA UIS
FUSCA	-34.65833	-58.23778	IAC AER
GATOS	-35.66639	-56.58389	UL211
GATUD	-43.99639	-65.88000	UP664-W18-SID CRV DRY TRE-STAR CRV TRE-TMA TRE
GAVAM	-31.03528	-61.06944	W8-UW8-TMA PAR
GAVEX	-26.69972	-63.81056	UT672-UM799
GAVIK	-38.10889	-57.46306	STAR MDP-IAC MDP
GAXOK	-22.22000	-64.61000	UL322
GEBEM	-35.20028	-59.15889	T654-UT 654-W22-UW22-SID AER EZE-STAR AER EZE
GEBIM	-43.05500	-65.16556	SID TRE
GEBOS	-56.38000	-65.73333	W56-UW56-Z133-UZ133
GEBUS	-42.70611	-70.72222	IAC ESQ
GEDOL	-31.75056	-68.41639	IAC JUA
GEDUK	-32.81472	-61.36667	W55-SID ROS-STAR ROS-TMA ROS
GEDUN	-33.48972	-66.38222	UT685-UL405
GEGAL	-50.77611	-72.10861	T659-SID ECA
GEGAT	-35.93028	-68.32389	UW37-UT685
GEGEP	-37.17833	-59.58333	UT694
GEGIK	-40.02333	-71.00889	IAC CHP
GEGUS	-30.26056	-60.01056	W20-UW20
GEKAL	-27.78056	-69.09167	UL650-UT691
GELEX	-28.56861	-65.81306	IAC CAT-SID CAT
GELOS	-33.08611	-63.93278	IAC TRC
GELRI	-42.66278	-65.11417	SID DRY-SID TRE
GELUV	-27.54611	-64.27972	IAC SDE
GEMAL	-37.13944	-59.21806	IAC DIL
GEMDO	-49.70861	-67.80444	UW45-UZ117
GEMIK	-24.70833	-62.52528	UL404-UM789
GEMIL	-55.00028	-58.07417	UT103
GEMOB	-41.08583	-71.35056	SID BAR
GEMOP	-31.02250	-63.19000	W25-Z160-UM400-STAR CBA-TMA CBA
GEMPI	-33.12139	-66.38833	IAC UIS
GEMSA	-40.84472	-63.11694	IAC VIE
GEMSU	-30.26667	-57.63833	N785-P526-UT667 Z120 -UZ120-UP526-UN785
GEMUD	-42.96972	-65.28944	STAR TRE
GEMVU	-33.08583	-66.47806	STAR UIS- IAC UIS
GENAS	-31.46528	-63.14750	W6-UW6-UT652-UZ111-SID CBA-STAR CBA-TMA CBA
GENAX	-39.06028	-63.25194	W34-UW34-SID BCA-STAR BCA-TMA BCA
GESNI	-34.27417	-63.90194	UT700
GESPA	-22.08833	-65.45000	UN525
GESTA	-35.08111	-58.44556	IAC EZE-STAR EZE
GETRA	-24.13444	-61.31111	UM784-UM799
GEVLU	-45.53306	-67.02361	STAR CRV
GIBLA	-40.91750	-62.77028	IAC VIE
GIBNA	-31.15000	-64.01194	IAC CBA
GIDPI	-37.80000	-69.13889	Z122-UZ122 LIMITE FIR DOZ-EZE
GIGLU	-50.18778	-72.15278	STAR ECA
GIGPO	-24.66278	-65.05500	STAR JUJ-IAC JUJ
GILNA	-43.14694	-65.04278	IAC TRE
GILSA	-30.51639	-67.63139	W3-UW3-UZ108-Z119
GILVO	-46.54444	-68.10917	W48-STAR CRV-TMA CRV
GIMBI	-42.82417	-70.96861	IAC ESQ
GUARE	-38.95417	-69.13861	B556-STAR NEU
GUDUX	-52.74722	-67.26806	UT108-T108-UT700
GUKAS	-27.37028	-60.08889	W7-Z120-SID CRR SIS-STAR CRR SIS-TMA SIS
GUVAD	-32.58722	-68.49000	STAR DOZ
GUVOL	-32.37500	-70.22500	UN527-UZ128
GUVUM	-43.27361	-65.49833	IAC TRE
GUVUX	-31.47611	-64.38111	IAC CBA
GUXOR	-37.37500	-53.00000	AORRA-UL211F
HORNO	-56.47667	-67.26667	T100-UT100
IBDOG	-38.94944	-68.02889	IAC NEU
ILKOR	-46.43083	-70.44611	Z123-T658
ILKUL	-31.39056	-63.63194	STAR IAC SID - CBA
ILMEN	-53.68861	-67.42167	IAC GRA
ILMEV	-27.17583	-65.16917	STAR TUC
ILMIS	-24.68000	-53.05750	STAR IGU
ILMOG	-31.43500	-63.95917	STAR-CBA
ILMOS	-37.40361	-59.35250	IAC DIL
ILNAK	-30.98139	-64.21361	STAR IAC - CBA
ILNEL	-42.85333	-65.30778	IAC DRY
ILNOV	-25.71333	-54.53056	SID IGU
ILNOX	-43.65472	-65.79806	SID DRY-SID TRE
ILPAL	-42.81778	-65.14500	SID TRE
ILPAR	-25.69944	-65.09250	UT675-W3-UT677-SID TUC-STAR JUJ SAL TMA TUC-TMA SAL
ILPES	-27.23528	-58.55139	IAC CRR-STAR CRR
ILPIK	-49.90667	-68.70861	W63
ILPOT	-42.37944	-64.64694	T693-UT693-STAR TRE-TMA TRE
ILRAM	-41.26194	-70.83778	IAC BAR-STAR BAR
ILRED	-37.16583	-57.39333	STAR MDP
ILSAS	-26.25444	-61.84639	Z118
ILSEN	-33.48944	-66.29083	IAC UIS-STAR UIS
ILSOK	-32.82556	-64.29278	IAC TRC
ILSUR	-31.03889	-69.69278	UL322-UL416
ILTAV	-26.14861	-64.44250	Z132-TMA TUC
ILTIP	-52.22167	-68.90056	STAR GAL
ILTOK	-24.97139	-65.51139	SID SAL
ILTOS	-39.44917	-68.11056	T105-STAR NEU-SID NEU-TMA NEU
ILTUH	-33.05139	-68.79611	IAC DOZ
ILVUB	-40.89556	-62.87611	IAC VIE
IMBAK	-30.93361	-58.78306	A428-Z110-UM418-UL793
IMBER	-24.62333	-63.25778	UM789-UL417
IMBOD	-34.78361	-58.75056	IAC EZE
IMBOL	-27.74889	-64.93167	W5-UW5-UN525-STAR TUC-SID TUC-TMA TUC
IMDAD	-33.09861	-60.72056	IAC ROS
IRASU	-35.38722	-61.74361	UZ113-UW15-UW68-UW73-W68-W73
IRATI	-32.12222	-65.18778	W23
IRATU	-27.83278	-56.22167	N785-TMA POS
IRAVU	-50.76806	-68.75528	W18-UT109-UZ117-STAR GAL-SID GAL-TMA GAL
IREKA	-29.55472	-60.82583	W14-UW14
IREMO	-39.86972	-61.91472	UP664-UT694
IRETI	-31.13833	-64.21250	IAC CBA-STAR CBA
IREXA	-34.83139	-63.98944	UT700-UM424
IRINU	-42.71583	-64.80889	IAC DRY
IRIRO	-58.35167	-53.00000	AORRA
IROKA	-33.21889	-64.41667	IAC TRC
IROLA	-42.98361	-69.75167	W39-W40-UW39-UW40
ISAXO	-50.26250	-71.76389	IAC ECA-SID ECA
ISEGA	-35.08833	-68.36861	W37-TMA SRA
ISELU	-34.70194	-65.40250	UM424-UZ114
ISEXU	-45.47556	-67.38750	STAR CRV-SID CRV
ISIPO	-33.01111	-66.01722	W23-UW23-UT685-Z104-UZ125-SID UIS-STAR UIS-TMA UIS
ISKES	-44.86028	-67.48889	T105-UT105-SID CRV-TMA CRV
ISKIT	-31.38778	-64.55389	SID CBA
ISKUK	-28.59528	-62.72083	UM529
ISLAK	-39.97222	-70.89222	IAC CHP
ISLOB	-24.08583	-61.95806	UN775
ISMIL	-38.33778	-66.66639	UT655-UZ109-Z109-T655-SID CHP
ISMOS	-43.06306	-65.74694	SID TRE
ISODA	-37.41861	-59.14417	IAC DIL
ISOPO	-31.31167	-61.39389	UT672-T672-UL404-TMA PAR
ISORO	-35.97500	-69.70806	W44-STAR MLG-TMA MLG
ISOSO	-51.61611	-69.46528	IAC GAL
ISTER	-35.69194	-57.62528	W27-W59
ISUBA	-25.89083	-54.32611	IAC IGU-STAR IGU
ISUSA	-31.63917	-67.84111	W66-STAR JUA-TMA JUA
ISVOR	-38.84389	-62.04806	IAC BCA
ITADO	-28.72639	-59.50889	W20-TMA RTA
ITELA	-28.97444	-65.39083	UZ102-Z102-STAR CAT-TMA CAT
IVREG	-34.43028	-68.44833	IAC SRA
IVREK	-37.88417	-57.67167	IAC MDP
IVROR	-42.74111	-64.69167	STAR TRE
IVSOB	-25.43056	-53.81556	SID IGU
JOALI	-25.84972	-54.20333	IAC IGU-SID IGU-STAR IGU
KABAK	-33.31611	-67.05083	W10-W9-STAR UIS
KABES	-49.00000	-58.66750	UT103
KABIS	-34.50611	-58.51083	IAC AER
KABIT	-45.74861	-67.18972	IAC CRV
KADAT	-23.39167	-67.13333	UM789
KADEB	-50.71806	-68.99889	W63-UP664-STAR GAL-SID GAL-TMA GAL
KAGEN	-62.00056	-59.66778	W56-UW56-Z133-UZ133
KAKAN	-29.06139	-66.37056	W3-UW3-UM799-Z119-SID CAT-STAR CAT-TMA LAR-TMA CAT
KAKIN	-40.16639	-40.00000	UL211F
KAKOG	-43.30306	-65.60500	STAR TRE-IAC TRE
KALIM	-36.30278	-58.74667	W18-TMA DIL
KALOM	-25.18750	-58.16028	UM789-M789
KAMAD	-43.46639	-64.31750	UT109
KAMIL	-25.58722	-53.76611	SID IGU-STAR IGU
KAMOV	-43.76500	-65.54833	SID DRY TRE-STAR TRE
KAMUR	-37.15000	-71.14722	R683
KAMUV	-32.90972	-67.70333	W64-UT670-SID DOZ-TMA DOZ
KETIS	-40.23306	-29.99944	UL211F
KEXAK	-26.02083	-54.38611	STAR IGU
KEXEV	-33.12444	-68.79722	IAC DOZ STAR DOZ
KEXOP	-54.50000	-68.10972	W42-UW42-Z130-UZ130-SID USU-TMA USU-TMA GRA
KEXOS	-27.54444	-58.77722	IAC CRR
KEXUS	-33.15833	-64.34611	IAC TRC
KIBAR	-50.59111	-71.43306	G550-W52-SID ECA-TMA ECA
KIBOS	-24.66278	-65.31861	SID SAL
KIBUN	-31.53750	-67.83556	W24-TMA JUA
KIDAM	-31.43444	-63.71667	STAR CBA
KIGIR	-41.27806	-63.38056	W18-SID VIE-STAR TRE-TMA VIE
KIKAV	-36.84389	-64.33889	IAC OSA
KIKIN	-38.10083	-64.47833	T654-T661-UT654-UT700
KIKIP	-33.28556	-61.12389	UW24-UT705
KIKUG	-42.97833	-65.49306	SID TRE
KILAV	-26.85222	-53.69056	UM532
KILIP	-29.67833	-58.88500	A428-Z110-UM400-UL793-SID CRR SIS-STAR CRR SIS
KILOS	-40.24972	-45.00000	UL211F
KIMID	-39.37278	-63.39778	T657-UT657-SID BCA-STAR BCA
KIMIK	-29.53444	-56.89139	UM402
KIMIS	-36.89972	-67.02833	W65-UZ114
KOLGO	-31.30083	-58.00000	N785
KOLNA	-26.14250	-54.09833	UL216-R563-SID IGU-STAR IGU-TMA FOZ
KOLNO	-40.94417	-62.64306	IAC VIE
KOLVA	-42.70917	-64.99389	IAC DRY-SID DRY
KOMVI	-40.35028	-69.15556	W30-UW30-UT654-T654
KONLO	-38.79889	-62.10889	IAC BCA
KONRI	-24.11667	-67.53333	UL550
KOPLO	-28.91500	-65.80000	SID CAT
KOPRO	-34.74194	-58.63944	IAC EZE
KOPSI	-31.93250	-65.99583	UL531-UT653-UZ105
KORGA	-40.08500	-61.46194	W33-UW33
KORSI	-27.61611	-59.24056	IAC SIS-SID CRR SIS-STAR SIS
KORSO	-26.49472	-61.27639	UN775
KORTA	-30.69306	-57.78722	N785-UN785
KOSDU	-33.36611	-66.36917	IAC UIS
KOSGO	-40.08500	-71.52417	STAR CHP-IAC CHP
KOSNO	-32.43222	-63.52806	UT653-UW15
KOTNI	-34.28889	-69.03944	M424-W44-UW44-UZ108-UM424
KOTOG	-38.45083	-68.18361	W37-STAR NEU-SID NEU-TMA NEU
KOTOL	-33.23750	-63.69417	W10
KOTON	-49.62667	-65.94944	UT108
KOTUD	-31.59583	-68.11972	STAR JUA
KOTUK	-36.50778	-63.64472	W61-TMA OSA
KOVAT	-24.47917	-64.45111	UM789-M789-ANTIGRANIZO JUJ SUP
KOVEX	-37.83861	-57.76083	IAC MDP
KOVRA	-25.66083	-54.65583	IAC IGU-STAR IGU
KOVSI	-53.86806	-68.03972	IAC GRA
KOVSO	-25.47583	-54.02444	STAR IGU
KOVUK	-35.19944	-57.52056	W27-SID AER EZE-STAR AER EZE-TMA BAIRES
KOVUN	-33.48833	-64.54778	UT670-UZ114
KRILL	-61.20611	-60.68639	W56-UW56-Z133-UZ133-T100-UT100
KUBIR	-24.07333	-59.94667	UL793
KUBSI	-36.39806	-64.33389	IAC OSA
KUDRA	-24.75000	-65.46306	IAC SAL
KUGLO	-28.77639	-60.60306	UN775-UL531
KUGSU	-32.36250	-65.64500	UT684-UT685
KUKAS	-47.59361	-66.13306	UT700-UZ117
KUKEN	-34.18278	-58.21722	UL324-UM654-SID AER EZE STAR AER EZE
KULIT	-49.81167	-67.80583	W45
KULUP	-40.79528	-63.34944	IAC VIE
KUMOT	-26.82194	-64.83028	IAC TUC
LAJAS	-33.14444	-64.83639	W10-TMA VME
LANDA	-33.90806	-58.57528	W74-N785-UN785-SID AER EZE-TMA BAIRES
LANUB	-26.25056	-54.35111	STAR IGU-SID IGU
LIMAY	-40.74611	-70.61972	W26-UW26-Z109-UZ109-SID BAR-TMA BAR
LITOR	-29.03389	-65.49861	W 15-UW15-SID CAT-UM543-STAR CAT-TMA CAT
LIVAK	-38.81389	-62.45556	STAR BCA
LIVIN	-51.59694	-69.07083	IAC GAL
LIVUL	-24.77500	-65.32167	SID SAL
LIVUP	-37.32806	-59.23917	IAC DIL
LIVUS	-31.37333	-64.20722	IAC CBA
LIVUX	-42.58333	-64.92194	IAC DRY
LIXIM	-51.67000	-68.96222	STAR GAL-IAC GAL
LIXOR	-36.72667	-60.40417	UW22-UT688
LOBID	-53.85250	-67.44694	IAC GRA
LOGAM	-34.96583	-62.30306	M424-UM424-UW15
LOGET	-30.39472	-64.23417	W6-UW6-UZ112-SID CBA-STAR CBA-TMA CBA
LOKAT	-33.17778	-64.64972	IAC TRC
LOKAV	-27.96222	-64.32000	IAC SDE
LOKEN	-53.40833	-68.42139	W63-UW63
LOLAN	-46.00000	-58.83417	UT103
LOLAR	-26.67639	-65.26000	STAR TUC
LOLAS	-35.67639	-64.79694	B684-UM783
LOLIV	-33.69944	-67.00500	UT688-UW23-W23-W71
LOMAD	-32.65222	-68.79028	IAC DOZ
LOMIN	-50.57694	-60.55083	W50-UW50
LOMUR	-58.00028	-64.16806	W56-UW56-Z133-UZ133
LOMUS	-40.91167	-63.65972	W33-UW33-UT693-T693-SID TRE DRY VIE-STAR TRE-TMA VIE
LUCHY	-27.35111	-59.01389	IAC SIS
LUTSO	-27.43389	-58.02444	B687-UP779-STAR SIS CRR-SID SIS CRR-TMA SIS
LUVDU	-39.04389	-68.39389	STAR NEU-IAC NEU
LUVLA	-24.61278	-64.95972	IAC JUJ
MADSA	-26.59500	-59.28167	UM529 UL793
MAGDO	-35.52111	-68.96583	B684-STAR MLG-TMA MLG
MAKBI	-38.94556	-67.81306	STAR NEU-IAC NEU
MAKMO	-31.58972	-63.65722	SID CBA
MALDI	-25.69611	-54.57222	IAC IGU
MAMGO	-43.24417	-65.39167	IAC TRE
MAMKA	-24.81750	-61.75389	UN775-UM789
MAMPU	-27.29806	-59.20778	IAC SIS STAR CRR SIS
MAMRA	-38.94861	-68.28167	IAC NEU
MASDO	-28.29750	-57.78500	UW14-UZ103
MASMA	-34.50194	-58.64667	IAC FDO
MASVI	-25.00083	-65.58833	IAC SAL
MATMU	-43.22472	-65.00194	STAR TRE-IAC TRE
MAVBI	-31.25583	-63.13611	UM418-W69-UZ102-STAR CBA-TMA CBA
MEBRA	-32.05861	-68.33694	W44-UW44-W3-UW3-SID DOZ-STAR JUA DOZ-TMA DOZ-TMA JUA
MEXIL	-33.45222	-66.38083	IAC UIS
MEXUB	-27.88417	-64.48667	IAC SDE
MIBAS	-30.78333	-70.29167	B560-UL416-UT671
MIBIP	-42.77444	-65.56000	SID DRY
MIBOK	-54.81778	-67.67556	IAC USU-STAR USU
MIDAL	-60.00028	-62.08444	W56-UW56-Z133-UZ133
MIDOT	-36.53806	-64.09944	SID OSA
MIGUS	-42.46139	-64.51139	W18-STAR TRE-TMA TRE
MIGUT	-50.41000	-71.60278	SID ECA-STAR ECA
MIKIM	-45.88972	-70.55083	UT658-UZ131-T658-W58
MILAX	-36.11500	-61.79083	UT655-UT688
MIMEX	-24.46250	-64.57778	M789-STAR JUJ-SID JUJ-TMA SAL
MIPAT	-42.99972	-59.00083	UT103
MOCHO	-38.28778	-70.34444	W44-UW44-STAR MLG-UT685-UZ108
MOLRI	-27.68194	-64.26056	IAC SDE
MORPU	-27.22361	-58.83389	IAC CRR STAR CRR
MORRO	-33.22972	-65.86194	W10-SID UIS-STAR UIS-TMA RYD-TMA UIS
MORSI	-40.24972	-19.99917	UL211F
MOSGI	-34.99500	-58.46889	IAC EZE
MOSKA	-50.57694	-58.51083	UT103
MOTNO	-48.17444	-71.12278	Z116-UT110-UZ116-STAR ECA
MOXAN	-38.37167	-61.07417	W18-UW18-SID BCA-STAR BCA-TMA BCA
MOXAT	-24.10139	-64.91667	N650-SID JUJ-STAR JUJ-TMA SAL
MUBAD	-27.09306	-65.15333	IAC TUC-STAR TUC
MUBEN	-33.05306	-68.61806	IAC DOZ-STAR DOZ
MUBES	-52.80250	-68.47917	W42-UW42-Z130-UZ130-W63-STAR GAL-SID GAL GRA-UW63-TMA
MUBLU	-32.77528	-66.09861	UT652
MUBOK	-25.46056	-65.38944	SID SAL
MUBUD	-38.75500	-62.14306	IAC BCA
MUDNO	-36.75806	-57.21278	W59-STAR MDP-TMA MDP
MUDUL	-26.96694	-64.07917	UW6-UM799-UT677-UZ112-UZ120
MUGUM	-54.82361	-67.81639	IAC USU
MULBO	-33.85806	-66.66639	UT688-UT685
MULSI	-42.91333	-65.33806	SID DRY
MULTA	-33.84000	-60.12972	W20-W24-UW24-UT672
MUMAB	-42.83611	-65.94417	SID TRE
MUMAT	-33.17222	-68.59333	UT687-UZ108
MUMIN	-24.95250	-65.50750	IAC SAL
MUMSA	-34.04139	-63.86583	UT700-UL405
MUMUK	-26.75583	-66.72000	UL322-UM543
MUNAV	-42.80917	-65.21167	IAC DRY-SID DRY
MUNER	-52.00000	-71.31000	UN674-N674-B432-STAR ECA-SID ECA
MUNES	-40.33278	-10.00000	UL211F
MUNON	-24.56278	-64.86472	STAR JUJ-IAC JUJ
MUPAD	-51.37167	-69.28250	SID GAL
MUPER	-34.45917	-58.59444	IAC AER
MUPIS	-32.40500	-60.79167	W21-SID ROS-TMA ROS-TMA PAR
NAIDE	-27.61333	-55.58778	UT667
NAJAL	-43.06750	-65.20611	SID TRE
NATIO	-31.06944	-63.41222	SID CBA
NAXET	-23.55778	-65.46778	UM776-UN525-ANTIGRANIZO JUJ SUP
NAXEX	-31.39028	-68.31694	IAC JUA-STAR JUA
NEBEG	-33.80000	-69.90000	A307-UL531-STAR DOZ-TMA DOZ
NEDET	-38.52444	-62.22889	IAC BCA
NEDOL	-29.20944	-59.55833	IAC RTA
NEGEX	-26.20472	-54.77694	STAR IGU
NEGOS	-46.24528	-71.67694	G550
NEGUK	-39.06361	-68.77944	SID CHP
NEGUN	-29.21111	-59.80139	IAC RTA
NEKID	-27.20444	-56.10333	IAC POS
NEPIS	-34.57111	-59.60056	W13-SID AER-TMA BAIRES
NESRI	-27.86833	-61.43972	UM529 LIM FIR CBA SIS
NETVA	-54.84139	-68.24917	IAC USU
NEVLO	-34.96694	-58.33639	IAC EZE
NIBGO	-32.71056	-60.84139	IAC ROS-SID ROS
NIDBA	-38.71361	-67.57583	T655-SID NEU-TMA NEU
NIGBU	-40.70278	-67.99194	T105-UT105
NINSI	-34.49861	-62.24333	UT705-UZ113
NINVO	-45.97833	-67.20556	STAR CRV-SID CRV
NIPMU	-28.90361	-63.27639	UM529-LIMITE SECTOR CBA SUR-CBA NORTE
NIPTO	-31.47611	-68.41917	IAC JUA
NIRKA	-43.11250	-71.06167	IAC ESQ
NIRSU	-37.94167	-57.32417	IAC MDP STAR MDP
NIRTA	-32.65889	-68.23306	W44-UW44-A307-UL531
NITLO	-41.81806	-69.37194	W38-W41-UW38-UW41
NUEXE	-42.62028	-64.80250	IAC DRY
NUXAS	-27.27056	-58.73472	IAC CRR
NUXAX	-50.98139	-69.20583	STAR GAL
NUXIM	-34.44611	-61.54278	W9-UL405
OBLET	-25.87694	-54.47694	IAC IGU
OGLAP	-25.68861	-54.42750	UL216 - R563
OGLER	-36.98861	-63.88444	W67-SID OSA-TMA OSA
OGMIM	-34.37722	-58.50000	IAC FDO
OGNAX	-24.38583	-64.89361	IAC JUJ
OGNOP	-31.31750	-67.91556	UZ108 UM529
OGSAN	-34.15944	-61.92639	UT684-UT705
OGTEL	-29.62028	-57.97139	UT682-UZ120
OGTUR	-49.45861	-71.94250	G550-T659-UT110-UT659-SID ECA-STAR ECA
OPGUT	-27.16667	-53.92472	UM532
OPKAN	-28.32972	-59.36778	W20-UW20-SID CRR SIS-STAR CRR SIS-TMA SIS
OPLAS	-42.56611	-70.57806	W41-TMA ESQ
OPLIB	-40.07111	-70.81833	STAR CHP-IAC CHP
OPLID	-27.68333	-59.04278	IAC SIS STAR SIS
OPLOM	-34.84333	-58.41806	IAC EZE
OPLUX	-33.38583	-66.37167	SID UIS
OPNIN	-30.22694	-60.15889	UN775
OPRER	-37.42889	-57.31333	SID MDP-STAR MDP
OPRIL	-34.28389	-67.91444	W23-TMA SRA
OPROS	-42.63972	-70.49556	T657
OPSEV	-38.62111	-62.19306	IAC BCA
OPSIR	-44.12000	-65.43444	T693-STAR TRE-SID TRE DRY-TMA TRE
OPSUG	-31.11972	-64.28083	SID CBA
OPSUL	-35.68417	-69.42694	IAC MLG-STAR MLG
OPTES	-26.74722	-60.48611	Z118
OPTIR	-30.78167	-62.37833	UM400-UL550-W25
OPTUL	-34.15444	-68.69111	W37
OPUPO	-32.36639	-59.62917	B555-TMA PAR
OPUVI	-33.81139	-61.30806	W10-UW10
ORABA	-31.48889	-66.88694	W24-UW24
ORABO	-50.71056	-69.53833	T658-UT658
ORAMU	-42.27500	-65.09806	T661-STAR TRE-SID TRE DRY-TMA TRE
ORAXO	-25.06306	-65.36306	STAR SAL-IAC SAL
ORBAL	-45.89833	-70.87111	UZ131-W58-UZ116-Z116
ORERA	-40.97389	-70.44750	W34-UW34-T654-UT654-SID BAR-STAR BAR-TMA BAR
ORIKA	-46.21639	-65.86778	UT109-UT700
ORODA	-51.59444	-69.02083	IAC GAL
OROKO	-21.86667	-66.13333	SID JUJ-STAR JUJ
OROXI	-45.13917	-67.86389	STAR CRV-SID CRV
ORUDO	-47.48444	-67.89889	W49
ORUGA	-27.18417	-55.80222	N785-B688-TMA POS
ORUXO	-27.24639	-59.08917	IAC SIS
OSARI	-33.30611	-66.11000	SID UIS
OSEBO	-24.51194	-65.01083	SID JUJ
OSEKO	-38.49250	-67.89722	W65-UZ114-UZ127-STAR NEU-SID NEU-TMA NEU
OSEXI	-38.14611	-57.59111	SID MDP
OSIDO	-33.02583	-64.19250	IAC TRC
OSILI	-28.63278	-64.76750	UN525-UW5
OSOVI	-38.55639	-62.21694	IAC BCA
OSUDA	-30.91611	-63.56750	UL531-UZ102
OTADO	-40.40472	-67.21778	UT106-UW41
OTAGI	-53.07694	-58.28917	UT103
PABAL	-42.60833	-72.10500	L775
PABAS	-34.98833	-61.58139	UM424-M424
PABEN	-30.69889	-61.48972	UT652-UL404
PABEV	-36.32611	-62.22278	T655-W61
PABOP	-42.64528	-64.89889	SID DRY-SID TRE
PADAS	-32.31722	-58.36250	N785-UN785
PADIM	-45.00194	-64.28167	UT108-UZ117
PADIT	-34.79556	-62.52417	UW15-UT705
PADOG	-33.22528	-63.74056	UT700-UW10
PAGAD	-36.44667	-55.00306	UL211F-UL211
PAGID	-50.40722	-72.50667	SID ECA
PAGON	-33.92111	-58.72056	W11-UZ129-STAR AER EZE-TMA BAIRES
PAKAL	-42.37361	-67.79056	W38-UW38-T105-UT105
PALIX	-52.06667	-69.80000	A570-UP664-TMA GAL
PAMAK	-31.39000	-65.27056	W24-Z159-UW24-UZ128-SID CBA-STAR CBA-TMA CBA
PAMAL	-31.77750	-66.71194	W66-UT653-UZ128-UT684
PAMEX	-28.87167	-56.54417	UT667-UM400
PANOT	-27.00694	-59.96139	Z118-SID CRR SIS-STAR CRR SIS-TMA SIS
PANUM	-43.27361	-65.49833	IAC TRE
PANUX	-24.30556	-65.15250	IAC JUJ
PAPAP	-34.86083	-58.31917	IAC EZE
PAPIR	-33.11694	-67.75222	W9-SID DOZ-STAR DOZ-UL405-TMA DOZ
PAPIX	-34.41611	-58.00056	A314-UN741-SID AER EZE-STAR AER PAL EZE-TMA BAIRES
PEDRO	-33.70111	-59.66694	W5-W6-UW5
PILCO	-22.40444	-62.41806	UM784-UN775
PONPI	-25.75611	-65.31528	W5-UW5-UN525-UT681-SID SAL-STAR TUC-TMA TUC-TMA SAL
PONRO	-50.35306	-71.69778	STAR ECA-IAC ECA
PONVA	-38.41111	-65.95306	T669-UT669
POPLU	-33.85111	-64.80028	UZ114-UL405
POPRO	-43.29028	-65.23639	STAR TRE
PORKA	-29.45528	-63.33250	UL550
PORPA	-39.17417	-68.73056	W32-STAR NEU-SID NEU-TMA NEU-STAR CHP
POSMO	-27.03556	-65.02861	IAC TUC-STAR TUC
POSRA	-34.91472	-58.49694	IAC EZE
POSTI	-38.84444	-59.16889	UW33-UT103
POTMA	-40.90361	-63.29944	IAC VIE
POTRO	-40.05278	-64.75917	UT700-UT657-UT110-T657-T661
POTSI	-31.74972	-68.30889	IAC JUA-STAR JUA
POVNA	-29.85417	-65.04000	UW15-UM543-UM529
PUBAX	-42.78250	-65.36750	IAC DRY
PUBER	-27.53083	-64.65306	W70-UT681-UM799-UL550-SID SDE-SID TUC
PUBLO	-43.80389	-67.62028	UT110-UT105-STAR CRV-SID CRV -T105
PUBTI	-24.26194	-65.17972	IAC JUJ
PUBUM	-22.24167	-64.06000	UL417-UZ112
PUDBA	-22.80417	-65.45861	UN525
PUGEK	-27.60806	-64.21667	IAC SDE
PUGLI	-40.49000	-60.55222	UT662
PUKIB	-41.24472	-70.88806	IAC BAR
PUKIK	-27.63278	-58.67722	STAR CRR-IAC CRR
PUKOX	-53.76528	-67.31361	IAC GRA
PULAS	-37.97083	-61.48500	W22-UW22-SID BCA-TMA BCA
PULEN	-29.24667	-57.61500	UM400-UT682-UP526
PULGA	-33.96500	-61.39667	UT670
PULKA	-39.48278	-64.67694	W34-T661
PULNA	-40.28722	-61.01083	UZ117
PULOV	-30.36250	-62.68306	A307-Z160-UL531-UL550
PULPA	-36.99528	-57.68083	W31-UW31-W60-SID MDP-TMA MDP
PULRA	-27.71139	-59.16833	IAC SIS-STAR CRR SIS
PULUX	-27.31944	-58.87472	IAC SIS - STAR CRR SIS
PUMTO	-37.99139	-57.23750	IAC MDP
PUMUG	-43.06889	-65.08361	IAC TRE
PUMVO	-38.47639	-62.24667	IAC BCA
PUNBU	-25.69389	-54.74306	IAC IGU-STAR IGU
PUNGI	-51.02000	-70.95083	SID ECA
PUNGU	-29.44056	-64.26528	UW6-UZ112-UM529
PUNOL	-41.13944	-70.41444	W33-UW33-SID BAR-STAR BAR-TMA BAR
PUNOX	-37.89917	-57.86139	IAC MDP-STAR MDP
PUPON	-22.00000	-63.00000	UL404
PUPSI	-27.26583	-62.29750	UL417
PUPTU	-34.48278	-58.82500	IAC FDO
QUEZA	-32.83278	-68.79278	SID DOZ
QUILI	-25.29139	-62.42056	UL404-UM799
RAFRO	-28.76889	-65.79361	IAC CAT
RAXEM	-43.14167	-65.79694	SID TRE
RAXIV	-36.43056	-64.13139	IAC OSA
RAXOS	-61.00056	-57.22917	UT103
RAXUR	-33.72639	-63.01833	UT670-UT684
REDET	-53.70194	-68.05083	IAC GRA
REGEG	-24.91056	-65.56417	IAC SAL
REGUD	-33.05444	-60.93972	IAC ROS
REKUL	-36.91667	-54.00000	UL211F
RENEN	-54.87056	-68.02389	IAC USU
REPAM	-27.42917	-57.55833	P526-B687-UP779-UZ103-UP526
REPEV	-31.18472	-69.31333	UL416-UM799
REPUM	-31.03028	-62.19750	UT652-UL550
RIOKA	-30.59611	-58.31028	UZ103
RIQUE	-31.50722	-63.66500	IAC CBA-STAR CBA
RIXUD	-24.79139	-65.23194	IAC SAL
ROCAR	-25.76583	-54.40500	IAC IGU-SID IGU
RODOV	-30.83444	-57.80472	UM418
ROGAS	-38.22778	-58.08639	W33-SID MDP-STAR MDP-TMA MDP
ROGEL	-46.74389	-71.62389	G550-UL670
ROGIP	-43.05917	-66.06917	SID DRY
ROGOD	-32.52972	-68.35528	UZ108-UZ105
ROGUB	-33.47222	-66.47694	IAC UIS-STAR UIS
ROKAB	-43.19556	-65.53861	STAR TRE-IAC TRE
ROKAT	-27.11722	-65.15806	IAC TUC-STAR TUC
ROKER	-31.88639	-61.56028	UL550
ROLIM	-28.59111	-67.95417	UL322-UT691
ROLOX	-51.35056	-68.93333	STAR GAL
ROMAX	-44.98778	-66.69889	W18-UP664
ROMIV	-54.66806	-68.61056	UL670-G550-SID USU
ROMIX	-28.87694	-66.00417	STAR CAT
ROMOB	-31.11889	-64.52083	SID CBA
ROMUR	-30.56833	-61.67000	UM400-UT672
ROPIS	-36.74167	-56.95833	A310-UM792-SID MDP-STAR MDP-TMA MDP
ROPON	-38.94028	-67.51194	W32-UW32-UT669-T669-SID NEU-STAR NEU-TMA NEU
ROREX	-32.72917	-68.62750	SID DOZ
SAKSA	-38.95444	-68.79556	B556-TMA NEU
SALBO	-32.51250	-67.77000	A307-UL531-SID DOZ-STAR DOZ-TMA DOZ
SALVU	-48.26806	-64.03472	UW50-UT662
SANBU	-39.50528	-62.66611	UT693-UW18-W18-T693-SID BCA-STAR BCA-TMA BCA
SARLI	-50.01694	-71.60667	STAR ECA
SARNA	-29.10694	-60.99250	A307-UL531
SASTA	-52.70833	-67.76306	W45-UW45
SATGI	-30.68000	-64.38694	SID CBA
SATRA	-34.73806	-67.81444	W68-TMA SRA
SEBDA	-27.58722	-60.95389	UM529 UN775
SEBNI	-46.52722	-70.93861	Z123- Z116
SEDIA	-25.77722	-54.37806	IAC IGU
SEMGA	-41.10194	-67.94250	W33-UW33-T105-UT105
SEMLI	-31.66694	-68.41722	IAC JUA
SIBOL	-30.49083	-64.67861	W15-Z121-UW15-UM543-STAR CBA-TMA CBA
SIBOX	-30.22556	-67.94778	UM799
SIBUD	-43.06083	-65.63667	SID DRY
SIGUL	-38.31278	-59.65583	UT662-UW32
SIGUR	-26.76556	-65.09028	IAC TUC
SIKAR	-36.12694	-60.76833	T654-UT654-UW15-W61-UZ113
SIKED	-34.61167	-58.32167	IAC AER
SIKOB	-30.17417	-60.40917	UM400-UT652
SIKUT	-42.92111	-65.73806	STAR TRE
SILAN	-42.83750	-66.39722	W38-STAR TRE-SID TRE DRY-TMA TRE
SILOP	-35.64389	-66.08611	UM783-UZ114
SILUS	-40.59222	-62.45028	W33-SID VIE-TMA VIE
SIMES	-32.05167	-63.56444	W15-W65-UW15-UT700-UZ114-UZ113-SID CBA-STAR CBA-TMA CBA
SIMOR	-27.45528	-57.20417	UM402
SIMOT	-39.80972	-68.07694	T654-UT654-T105-UT105
SINAL	-34.77278	-64.64611	M424-UM424-UT688
SINIV	-33.06444	-60.82139	IAC ROS
SINUT	-30.94278	-60.84389	UL417
SIPOB	-45.00028	-65.60944	UT700-T693
SIPOM	-33.07861	-66.82389	UT670-UT652
SIPUG	-39.61583	-70.72861	W44-STAR CHP-IAC CHP-SID CHP
SIPUR	-51.51417	-68.98417	IAC GAL-STAR GAL
SIRAN	-38.04750	-58.19306	W32-SID MDP-STAR MDP-TMA MDP
SIREK	-32.60361	-68.65528	IAC DOZ-STAR DOZ
SIRUR	-38.02417	-57.39583	IAC MDP
SISAP	-28.80250	-63.78917	UL550-W70
SISEV	-24.36194	-65.34056	STAR JUJ-IAC JUJ
SOLER	-32.10444	-66.51222	A307-W19-Z159-UL531-UZ105
SORSI	-36.46250	-58.42083	W27-TMA DIL
SORTI	-27.71806	-65.42611	W3-UW3-UZ108-SID CAT TUC-STAR CAT TUC-TMA CAT-TMA TUC
SOSKU	-37.24972	-69.43528	Z122-UZ122 UT685
SOSNI	-26.59361	-58.67556	STAR CRR SIS
SOTLA	-35.63500	-66.36611	W65-B684-STAR MLG
SOTSA	-29.41889	-58.07778	UM400-UZ103-UZ120
SOVBU	-38.94944	-67.92222	IAC NEU
SOVLI	-27.27861	-61.04833	UN775-UZ120
SUCUA	-32.92500	-68.58944	IAC DOZ-SID DOZ
SUGRA	-32.20944	-58.19000	UM534
SUKPA	-29.94333	-64.49278	W5-Z102-UN525-UW5-UZ102
SULBO	-27.59306	-59.41472	IAC SIS STAR SIS CRR
SULSU	-50.77778	-71.84083	B432-N674-SID ECA-STAR ECA-TMA ECA
SULVU	-24.69278	-64.92944	STAR JUJ-IAC JUJ
SUMTO	-51.54639	-69.65917	IAC GAL-STAR GAL
SUNKO	-51.69167	-68.08444	W54-UW54
SUPKU	-43.19472	-64.89583	STAR TRE
SURBO	-34.44944	-57.96056	TMA BAIRES (CORREDOR SURBO)-SID AER-STAR AER
SURLI	-34.75861	-58.55111	IAC EZE
SUSDA	-42.97833	-61.56361	UT662
TAGUA	-25.29639	-64.60222	T673-TMA SAL
TEDAR	-35.44944	-57.71722	W59-SID AER EZE-TMA BAIRES
TEGAV	-25.22083	-64.55778	Z118-Z132-STAR SAL-TMA SAL
TEGOP	-41.07167	-71.38500	IAC BAR
TENIL	-35.54111	-57.83389	W31-UW31-STAR AER EZE-TMA BAIRES
TENOV	-37.98444	-57.47417	IAC MDP
TEPES	-42.92417	-65.24806	IAC DRY
TEPUB	-42.77889	-70.87389	IAC ESQ
TESEX	-38.93111	-71.43361	B556-UL653
TESIT	-32.65778	-63.97250	W65-UZ114
TEUCO	-31.44389	-64.34444	IAC CBA
TIGDI	-28.59944	-57.03389	UM402-UT682
TIGRU	-31.53250	-63.95472	SID CBA
TILBI	-31.31194	-64.79694	STAR CBA
TIMDO	-38.57861	-66.43778	T669-UT669-STAR NEU
TIMKO	-27.17139	-58.71944	IAC CRR-STAR CRR SIS
TIMKU	-36.33639	-63.74472	W73-SID OSA-TMA OSA
TIMVA	-34.01444	-62.29611	UT684
TINLU	-28.48278	-65.72472	IAC CAT - SID CAT
TINTA	-32.93778	-60.18667	G680-SID ROS-TMA ROS
TIPLO	-32.34056	-61.91000	W5-UW5-UZ102
TIRDU	-27.92333	-64.40333	IAC SDE
TIRGA	-51.74028	-67.02583	UW54-UT700
TISLA	-43.07833	-66.07361	SID DRY
TISTI	-31.21833	-64.08889	IAC CBA
TISTU	-39.87861	-70.93861	STAR CHP-IAC CHP
TOBTO	-54.84250	-68.19028	IAC USU
TODAR	-32.94083	-68.79444	IAC DOZ
TODEP	-27.28222	-58.98444	IAC SIS
TODES	-30.49583	-58.82056	A428-Z110-UL793-UT682
TODLO	-50.28889	-72.20056	IAC ECA
TOGNO	-43.01444	-62.73000	UZ117
TOGOR	-53.57333	-68.61056	B561
TOGUR	-42.95417	-65.87194	SID DRY
TOKUS	-29.00028	-65.65528	STAR CAT
TOLEM	-30.52139	-61.51750	UL404-UM400
TOLUK	-32.65139	-61.29278	W5-SID ROS-TMA ROS
TOMIV	-41.52667	-67.89250	T657 - T105 - UT657 - UT105
TONAR	-41.24167	-71.85000	B682-UM658-SID BAR-STAR BAR-TMA BAR
TOPAG	-47.20833	-70.29167	UT100-UT658
TOPIL	-38.80139	-64.94389	UW41
TOPOG	-28.48889	-61.82611	UL417-UL404
TORAP	-36.77833	-64.21694	IAC OSA
TORES	-41.72333	-71.16111	W44-UW44-UZ108-SID BAR-STAR BAR-TMA ESQ-TMA BAR
TORUK	-50.19694	-72.34361	IAC ECA-STAR ECA
TORUL	-35.36167	-59.44000	T654-UT654-SID AER EZE-TMA BAIRES
TOSOR	-33.91194	-64.50583	W9-UL405-UT687-TMA VME
TREJO	-30.77583	-63.33806	A307-UL531-SID CBA-STAR CBA-TMA CBA
TRINI	-34.56278	-58.79056	IAC FDO-STAR AER
UBLID	-27.71167	-64.27778	SID SDE
UBLUM	-38.57972	-62.31889	IAC BCA-STAR BCA
UBNOR	-31.17806	-64.21056	IAC CBA
UBRIX	-25.74944	-62.86750	UM799-UL417
UBSAS	-21.80694	-66.23722	UM776
UBSOX	-30.20917	-65.71833	UW16–UM529
UDENA	-43.44972	-63.78417	UT108
UDENO	-26.12472	-54.93722	B688-N785-SID IGU-STAR IGU-TMA FOZ
UDEPI	-63.39139	-57.83694	W56-UW56-Z133-UZ133-TMA MBI
UDEXA	-32.54361	-64.96722	W19
UDITA	-33.36083	-60.99083	W24-UW24
UDUDA	-27.61778	-59.12806	IAC SIS-SID SIS CRR
UDULI	-42.76583	-64.66972	STAR TRE
UDUPA	-33.78444	-62.63833	UT670-UZ113
UGAGI	-38.65222	-68.66972	Z122-R683-UZ122-STAR NEU-SID NEU-TMA NEU
UGAKO	-27.07611	-55.52750	B687-TMA POS
UGALA	-32.59583	-59.93389	W8-UW8-TMA PAR
UGASI	-27.66222	-58.43694	IAC CRR - STAR CRR SIS
UGERA	-37.41111	-59.24833	IAC DIL
UGIBO	-27.54889	-59.09833	IAC SIS
UGIMI	-34.98278	-56.88389	A306-UL405-STAR AER EZE-TMA BAIRES
UGIRA	-54.50000	-68.31778	W63-UW63-SID USU-TMA USU-TMA GRA
UGOXU	-50.27139	-71.90611	STAR ECA
UGRIN	-26.93611	-65.12306	IAC TUC
UGSIN	-54.82972	-67.95944	IAC USU
UGVAX	-21.96250	-63.65194	N650
UKDOS	-38.83500	-67.93778	STAR NEU
UKEKA	-42.70889	-71.74306	L775-TMA ESQ
UKEKO	-27.29306	-55.97222	IAC POS
UKESO	-31.34833	-68.95028	B560-TMA JUA
UKEXI	-24.90833	-65.41417	SID SAL
UKLIK	-32.63583	-68.49917	IAC DOZ-STAR DOZ
UKLOV	-50.29639	-72.33000	IAC ECA
UKLUS	-25.86750	-54.60750	SID IGU
UMKAD	-30.24139	-65.67278	W16
UMKAL	-32.88333	-70.00000	L405-UL405-UZ105-UT687-TMA DOZ-SID DOZ
UMKEV	-29.07889	-63.59667	UL550-UM529
UMLOP	-51.58778	-68.88750	STAR GAL-IAC GAL
UMPOX	-29.59861	-64.55806	UW5-UN525-UM529
UMSAR	-31.13861	-61.22250	UM418
UMSOL	-39.73028	-70.56667	SID CHP
UMSUV	-26.75833	-59.55278	UM529-UM784
UMTAB	-36.41444	-64.23278	IAC OSA
UPOMA	-34.86083	-58.21444	IAC EZE
UPORU	-25.22417	-53.88194	SID IGU-STAR IGU
URETI	-32.44250	-59.46194	UN775
UREVI	-24.52583	-64.06917	UM789-UZ112
URINO	-34.69972	-59.64083	UL405-W9-SID AER EZE-TMA BAIRES
URISI	-36.33250	-64.21250	IAC OSA
UROLI	-28.63639	-58.47278	W14-UW14-Z120-UZ120
USAVO	-27.61917	-58.78861	IAC CRR
USEPA	-29.37583	-60.22806	W14-TMA RTA
USESA	-40.37556	-62.87833	W18-SID VIE-TMA VIE
USILO	-43.29472	-65.08750	SID TRE
USIXU	-24.74778	-65.46250	SID SAL
USOTU	-45.76500	-67.31194	IAC CRV
USTOT	-22.18639	-66.07222	UM776
USTOX	-44.95139	-68.47917	UT100-UW50
USVAR	-45.33806	-67.96833	SID CRV
USVER	-35.56861	-68.02722	UM783-UT685
USVET	-33.25750	-67.25917	UL405-UT652
UTBED	-30.96361	-67.20000	UM529-LIMITE FIR DOZ CBA
UTBUB	-26.63611	-53.73611	UL216-R563
UTKES	-27.55944	-55.96778	IAC POS
UTLEP	-42.89722	-65.40417	IAC DRY
UTLIX	-31.40083	-68.53417	IAC JUA-STAR JUA
UTNOS	-52.83806	-66.90278	T662-UT662
UTNUM	-32.74000	-60.64694	IAC ROS-SID ROS
UTPOR	-38.94806	-68.38833	IAC NEU
UTRAX	-31.88611	-63.36472	W24-UW24-SID CBA-TMA CBA
UTRET	-35.46972	-64.76361	W68
UTRUN	-49.21722	-68.47000	UP664
VADEK	-25.03444	-65.52528	IAC SAL
VADON	-32.92500	-67.39444	W64
VADUN	-26.23028	-64.07611	UT672-UZ112
VAKAP	-39.78028	-64.71944	T661-UT700
VAKAR	-30.59528	-64.22722	STAR CBA
VAKUX	-32.56444	-65.76028	UW57-UT685
VALOS	-35.45778	-59.35056	W22-UW22-STAR AER EZE-TMA BAIRES
VANAR	-34.32444	-58.76222	IAC AER FDO PAL-STAR AER EZE
VAPES	-31.67750	-61.55417	W6-UW6-UZ111-TMA PAR
VAROR	-32.73750	-68.79139	IAC DOZ
VARUL	-40.72250	-63.23278	IAC VIE
VASAL	-33.33750	-60.48167	W20-SID ROS-TMA ROS
VERAS	-34.59361	-58.17417	IAC AER-STAR AER
VINOS	-24.77583	-61.92306	UM799-UM789-M789
VOTRA	-37.06389	-58.02944	W29-UW29-STAR MDP-TMA MDP
VUBLI	-38.66250	-61.78222	IAC BCA
VUDUB	-41.05778	-71.42500	IAC BAR
VUGDU	-36.47833	-69.84306	Z122-UZ122 W44 UW44 UZ108
VUGLA	-25.59056	-53.04806	STAR IGU
VUGMA	-33.20222	-66.16250	UT670-UT685
VUKEL	-41.22944	-70.93167	IAC BAR
VUKMI	-34.28278	-58.50167	IAC FDO
VUKNA	-45.11083	-68.27472	W50-UW50-STAR CRV-SID CRV-TMA CRV
VUKSO	-32.42722	-60.96750	T672-SID ROS-STAR ROS-TMA ROS-TMA PAR
VULAR	-51.62028	-69.55389	IAC GAL
VULDA	-34.60944	-68.19444	IAC SRA
VULEB	-43.17667	-65.14917	IAC TRE
VULEK	-28.98278	-62.88917	UT680-W8
VULRA	-46.14750	-67.86833	SID CRV
VUMER	-27.61917	-64.12389	IAC SDE
VUMGO	-28.29306	-58.63972	Z120-TMA SIS
VUMKI	-33.16056	-61.01111	W72-SID ROS-TMA ROS
VUMPO	-43.43972	-65.24361	STAR TRE
VUMUD	-35.07306	-64.02778	UT700-UT688
VUNIL	-45.83417	-67.11611	STAR CRV-IAC CRV
VUNSO	-41.86528	-66.21583	UT110-UT106
VUNUD	-27.74028	-64.50750	SID SDE
VUNUK	-53.78167	-67.90500	IAC GRA
VUPAN	-34.80139	-58.65167	IAC EZE
VUPNI	-45.02278	-62.46111	UT662
VUPRO	-28.27917	-64.30250	W6-SID SDE-TMA SDE
VURAK	-32.04444	-65.46472	UT653-UT685
VURGI	-58.00028	-57.68917	UT103
VUROT	-31.77472	-63.80556	UW15-UT652-UZ113
VURPI	-43.35167	-65.45806	STAR TRE-IAC TRE
VURSI	-32.83833	-68.41556	SID DOZ
VURTA	-33.30667	-64.63722	W65-IAC TRC-TMA TRC-TMA RYD
VUSAB	-27.00028	-65.25722	IAC TUC-STAR TUC
VUSAP	-36.37389	-61.21111	UT654-UT688
VUSDI	-30.38306	-61.07250	UL417-UM400
VUSDO	-50.26833	-71.85528	IAC ECA
VUSPO	-32.72611	-60.74444	IAC ROS
VUTRO	-40.82222	-63.22278	IAC VIE
VUVLA	-42.83556	-65.10611	SID TRE
VUVPU	-43.13306	-67.12361	UT110-UW40
XIXOS	-36.13194	-64.00611	W62-SID OSA-TMA OSA
XODIK	-38.15528	-60.42083	UW18-UT694
XOGIV	-32.99861	-68.80278	STAR DOZ
XOLUD	-46.05361	-68.62139	TMA CRV-Z123
XONOM	-31.00667	-67.99861	STAR JUA
XOPEB	-34.55806	-58.71250	IAC FDO
XOPIS	-33.75500	-61.55250	W72-W10-UW10-UT705
ZARZA	-36.49611	-64.25278	IAC OSA
