ACB			CORONEL BOGADO / AGROSERVICIOS	Coronel Bogado	SANTA FÉ	AD	PRIVADO	NC		44	-33.2723	-60.5707	9.3
ACH	SAEA		GENERAL ACHA	General Acha	LA PAMPA	AD	PUBLICO	NC	OK	277	-37.4016	-64.6135	3
ACM			ARRECIFES / LA CURA MALAL	Arrecifes	BUENOS AIRES	AD	PRIVADO	NC	OK	37	-34.0757	-60.1417	9.1
ADN			LA BANDA / ALAS DEL NORTE		SANTIAGO DEL ESTERO	AD		NC			-27.6893	-64.1679	9.2
ADO	SAWD	PUD	PUERTO DESEADO	Puerto Deseado	SANTA CRUZ	AD	PUBLICO	NC	OK	82	-47.7351	-65.9041	-5.3
ADT			BANDERA / AGROSERVICIO D.ª TERESA	Bandera	SANTIAGO DEL ESTERO	AD	PRIVADO	NC	OK	75	-28.8554	-62.2646	10.3
ADU			BANDERA / DUTTO	Bandera	SANTIAGO DEL ESTERO	AD	PRIVADO	NC	OK	87	-28.8669	-62.2381	10.3
AER	SABE	AEP	BUENOS AIRES / AEROPARQUE J. NEWBERY	Ciudad de Buenos Aires	CIUDAD AUTÓNOMA DE BUENOS AIRES	AD	PUBLICO	C	OK	5	-34.5589	-58.4164	10.2
AGI	SAVA		PIEDRA DEL ÁGUILA	Piedra del Águila	NEUQUÉN	AD	PRIVADO	NC	OK	649	-40.1923	-70.0108	-3.8
AGR			ALTA GRACIA / COMANDANTE EDMUNDO OSVALDO WEISS	Alta Gracia	CÓRDOBA	AD	PUBLICO	NC	OK	533	-31.6511	-64.3939	6.8
AII			CHACABUCO / LAS 2 A	Chacabuco	BUENOS AIRES	AD	PRIVADO	NC	OK	60	-34.8112	-60.5166	8.3
ALC			AMEGHINO / LA CHACRA	Florentino Ameghino	BUENOS AIRES	AD	PRIVADO	NC	OK	109	-34.8094	-62.5229	6.6
ALL			AEROCLUB ALLEN	Allen	RÍO NEGRO	AD	PRIVADO	NC	OK	290	-38.9583	-67.8028	-1
ALR			AEROCLUB ﻿ALEJANDRO ROCA	Alejandro Roca	CÓRDOBA	AD	PRIVADO	NC	OK	210	-33.3486	-63.73	6.4
ALT			CRUZ ALTA	Cruz Alta	CÓRDOBA	AD	PUBLICO	NC	OK	97	-33.0078	-61.8369	8.3
ALV			ALVEAR / AGROALVEAR S.R.L.	Alvear	SANTA FÉ	AD	PRIVADO	NC		32	-33.0685	-60.6668	9.3
AMA			ROBERTS / LA AMALIA	Roberts	BUENOS AIRES	AD	PRIVADO	NC	SIN IDENTIFICACION VISUAL	100	-35.1004	-62.0166	6.8
AME			AMEGHINO / SIGFRIDO ROHR AVIAGRO S.R.L.	Florentino Ameghino	BUENOS AIRES	AD	PRIVADO	NC	SIN IDENTIFICACION VISUAL	110	-34.8306	-62.4679	6.6
AMG			AMEGHINO	Florentino Ameghino	BUENOS AIRES	AD	PRIVADO	NC	OK	110	-34.8454	-62.4827	6.6
ANA			PARANÁ / AEROCLUB	La Picada	ENTRE RÍOS	AD	PUBLICO	NC	OK	60	-31.7578	-60.3739	10.3
AND			ANDALGALÁ	Andalgalá	CATAMARCA	AD	PRIVADO	NC	OK	900	-27.6281	-66.3428	7.2
APO			APÓSTOLES	Apóstoles	MISIONES	AD	PRIVADO	NC	OK	117	-27.9033	-55.7656	15.8
ARB			ARRIBEÑOS	Arribeños	BUENOS AIRES	AD	PUBLICO	NC	OK	82	-34.2219	-61.3867	8
ARS	SAVR	ARR	ALTO RÍO SENGUER / D.C. SZLAPELIS	Alto Río Senguerr	CHUBUT	AD	PUBLICO	NC	OK	697	-45.0132	-70.8128	-7.6
ARY			ARROYITO / ARCOR	Arroyito	CÓRDOBA	AD	PUBLICO	NC	OK	148	-31.4222	-63.005	8.2
ATE			ZÁRATE	Zárate	BUENOS AIRES	AD	PUBLICO	NC	OK	26	-34.1183	-59.0827	10
ATN			TRENQUE LAUQUEN / LA ARGENTINA	Trenque Lauquen	BUENOS AIRES	AD	PRIVADO	NC	OK	95	-35.9977	-62.7064	5.6
AUL			AMEGHINO / AEROCLUB	Florentino Ameghino	BUENOS AIRES	AD	PRIVADO	NC	OK	109	-34.818	-62.4771	6.6
AVA			ALVEAR / AEROPARQUE ROSARIO	Alvear	SANTA FÉ	AD	PUBLICO	NC	OK	26	-33.0469	-60.5976	9.4
AVL			AVELLANEDA / PTE. AVELLANEDA	Avellaneda	SANTA FÉ	AD	PUBLICO	NC	OK	45	-29.1061	-59.6575	12.3
AYA			AYACUCHO	Ayacucho	BUENOS AIRES	AD	PUBLICO	NC	OK	77	-37.1625	-58.4731	8.5
BAD			BERÓN DE ASTRADA / DINALUCA S.A.	Berón de Astrada	CORRIENTES	AD	PRIVADO	NC	OK	67	-27.3828	-57.6442	14.7
BAI			LAGO BUENOS AIRES	Perito Moreno	SANTA CRUZ	AD	PRIVADO	NC	OK	387	-46.5761	-70.9481	-8.6
BAL			BALCARCE	Balcarce	BUENOS AIRES	AD	PUBLICO	NC	OK	120	-37.9153	-58.3436	8.1
BAR	SAZS	BRC	SAN CARLOS DE BARILOCHE	San Carlos de Bariloche	RÍO NEGRO	AD	PUBLICO	C	OK	846	-41.1511	-71.1578	-5.4
BAS			BASAVILBASO	Basavilbaso	ENTRE RÍOS	AD	PUBLICO	NC	SIN IDENTIFICACION VISUAL	60	-32.3616	-58.8816	11.2
BCA	SAZB	BHI	BAHÍA BLANCA / CTE. ESPORA	Bahía Blanca	BUENOS AIRES	AD	PUBLICO	C	OK	75	-38.7275	-62.1533	4.3
BDO			BARADERO	Baradero	BUENOS AIRES	AD	PUBLICO	NC	OK	29	-33.8212	-59.4928	9.8
BDR			BAHÍA DORADA	Sierra Grande	RÍO NEGRO	AD	PRIVADO	NC	SIN IDENTIFICACION VISUAL	36	-41.8428	-65.0822	-0.5
BEL			BELL VILLE	Bell Ville	CÓRDOBA	AD	PUBLICO	NC	OK	131	-32.6583	-62.7019	7.8
BEX			BARADERO / BUENOS AIRES	Pueblo Alsina	BUENOS AIRES	AD	PRIVADO	NC	OK	26	-33.8586	-59.4691	9.8
BGI	SRDB		BERAZATEGUI / ALAS DE MALVINAS	Ezpeleta	BUENOS AIRES	AD	PUBLICO	NC	OK	3	-34.7464	-58.2033	10.3
BHB			BAHÍA BLANCA / AEROCLUB	Bahía Blanca	BUENOS AIRES	AD	PRIVADO	NC	OK	15	-38.6719	-62.3525	4.1
BHT			BRAGADO / HARAS TRELLIRIS	Bragado	BUENOS AIRES	AD	PRIVADO	NC	CERRADO	60	-35.3315	-60.5788	7.9
BIO	SAWT	RYO	EL TURBIO / 28 DE NOVIEMBRE	El Turbio	SANTA CRUZ	AD	PUBLICO	NC	OK	273	-51.605	-72.2203	-12.6
BLA			BALCARCE / EA. LA ALBORADA	Balcarce	BUENOS AIRES	AD	PRIVADO	NC	OK	64	-37.4628	-58.1883	8.5
BLC			BALCARCE / EST. LOS CARDOS	Balcarce	BUENOS AIRES	AD	PRIVADO	NC	OK	120	-37.7353	-58.0382	8.4
BLE			BALCARCE / EA. LA ESTRELLA	Balcarce	BUENOS AIRES	AD	PRIVADO	NC	OK	139	-37.5594	-58.6661	8
BLL			MIRAMAR / LAS CORTADERAS	Mechongue	BUENOS AIRES	AD	PRIVADO	NC	OK	16	-38.3547	-58.1086	7.9
BLN			LONDRES / BELÉN	Belén	CATAMARCA	AD	PRIVADO	NC	OK	1200	-27.7081	-67.095	6.5
BLO			BELL VILLE / LA OLGUITA		CÓRDOBA	AD		NC			-32.493	-62.6479	7.9
BLR	SAZI		BOLÍVAR	San Carlos de Bolivar	BUENOS AIRES	AD	PUBLICO	NC	OK	94	-36.1867	-61.0758	7
BMO			BRAGADO / MALFATO	Bragado	BUENOS AIRES	AD	PRIVADO	NC	OK	57	-35.1517	-60.5056	8.1
BOG			CORONEL BOGADO / FUMIGACIONES CAMPAGNUCCI	Coronel Bogado	SANTA FÉ	AD	PRIVADO	NC	OK	48	-33.324	-60.6662	9.1
BOL	SAVB	EHL	EL BOLSÓN	El Bolsón	RÍO NEGRO	AD	PUBLICO	NC	DESPLAZADO	348	-41.9432	-71.5322	-6.3
BOM			BOMBAL / GRAN ANCONA	Bombal	SANTA FÉ	AD	PRIVADO	NC	OK	97	-33.4385	-61.3032	8.5
BOS			LOBOS	Lobos	BUENOS AIRES	AD	PUBLICO	NC	OK	29	-35.2108	-59.1367	9.2
BPS			BRINKMANN / PABLO SIERRA AEROAPLICACIONES	Brinckmann	CÓRDOBA	AD	PRIVADO	NC	OK	100	-30.9294	-62.0506	9.3
BRA			BRAGADO	Bragado	BUENOS AIRES	AD	PUBLICO	NC	OK	60	-35.1453	-60.4819	8.2
BRF			BAHÍA BLANCA / LA REFORMA	Bahía Blanca	BUENOS AIRES	AD	PRIVADO	NC	OK	67	-38.7305	-63.2872	3.3
BRQ			BUTA RANQUIL / EL PORTÓN	Buta Ranquil	NEUQUÉN	AD	PRIVADO	NC	OK	870	-37.195	-69.6097	-1.5
BTA			BELLA VISTA (CORRIENTES)	Bella Vista	CORRIENTES	AD	PUBLICO	NC	OK	55	-28.5261	-59.0381	13.1
BTS			CORRAL DE BUSTOS	Corral de Bustos	CÓRDOBA	AD	PRIVADO	NC	OK	120	-33.2814	-62.1514	7.9
CAF			CAFAYATE	Cafayate	SALTA	AD	PRIVADO	NC	OK	1639	-26.0642	-65.9306	8.3
CAL			CAMPO ARENAL	Santa María	CATAMARCA	AD	PRIVADO	NC	OK	2324	-27.0722	-66.5864	7.3
CAM			CORRALITO / ALFONSO MENGO – (CAM) - DRNO - PRIVADO NO CONTROLADO [** USO AGROAÉREO **]	Corralito	CÓRDOBA	AD	PRIVADO	NC		545	-32.0244	-64.2794	6.7
CAT	SANC	CTC	CATAMARCA	San Fernando del Valle de Catamarca	CATAMARCA	AD	PUBLICO	C	OK	464	-28.5931	-65.7511	7.3
CAY			SAN CAYETANO	San Cayetano	BUENOS AIRES	AD	PRIVADO	NC	OK	100	-38.3339	-59.6303	6.7
CBA	SACO	COR	CÓRDOBA / ING. AER. A.L.V. TARAVELLA	Córdoba	CÓRDOBA	AD	PUBLICO	C	OK	489	-31.31	-64.2083	7.2
CBB			CAÑADA ROSQUÍN / B&B SERVICIOS AGROPECUARIOS	Cañada Rosquín	SANTA FÉ	AD	PRIVADO	NC	OK	73	-32.1116	-61.632	9
CBD			CABILDO	Cabildo	BUENOS AIRES	AD	PRIVADO	NC	OK	159	-38.4986	-61.8842	4.7
CCA	SATU	UZU	CURUZÚ CUATIÁ	Curuzú Cuatiá	CORRIENTES	AD	PUBLICO	NC	OK	70	-29.7725	-57.9828	13.3
CCH			CARLOS CASARES / HAYDEE – (CCH) - DRCE - PRIVADO NO CONTROLADO	Carlos Casares	BUENOS AIRES	AD	PRIVADO	NC		82	-35.6699	-61.4055	7
CCI			CALCHAQUÍ – (CCI) - DRNE - PRIVADO NO CONTROLADO	Calchaquí	SANTA FÉ	AD	PRIVADO	NC	OK	56	-29.8516	-60.292	11.4
CCM			CARLOS CASARES / MALATINI	Carlos Casares	BUENOS AIRES	AD	PRIVADO	NC	OK	82	-35.5692	-61.3682	7.1
CCO			CARLOS CASARES / OTTAVIANI	Carlos Casares	BUENOS AIRES	AD	PRIVADO	NC	OK	82	-35.6482	-61.3504	7.1
CCP			CONCEPCIÓN	Concepción	TUCUMÁN	AD	PRIVADO	NC	OK	386	-27.3447	-65.6169	8
CCS			CACHI	Cachi	SALTA	AD	PRIVADO	NC	OK	2510	-25.1052	-66.1572	8.6
CDA			SARGENTO CABRAL / CÓNDOR DEL AIRE	Sargento Cabral	SANTA FÉ	AD	PRIVADO	NC	OK	56	-33.4659	-60.6286	9.1
CDF			STOL COMODORO RIVADAVIA / CHACRAS DEL FARO (CDF) - DRSU - PRIVADO NO CONTROLADO		CHUBUT	AD		NC			-45.7783	-67.3736	-5.2
CDI			CARCARAÑÁ / DI GIUSEPPE	Carcarañá	SANTA FÉ	AD	PRIVADO	NC	OK	89	-32.891	-61.1241	9
CDL			CAÑADA DE LUQUE / BIONDI – (CDL) - DRNO - PRIVADO NO CONTROLADO [** USO AGROAÉREO **]	Cañada de Luque	CÓRDOBA	AD	PRIVADO	NC		249	-30.7577	-63.7482	7.9
CDS			CAÑADÓN SECO	Cañadón Seco	SANTA CRUZ	AD	PRIVADO	NC	OK	90	-46.5381	-67.5597	-5.8
CDU	SRAU		CONCEPCIÓN DEL URUGUAY	Concepción del Uruguay	ENTRE RÍOS	AD	PUBLICO	NC	OK	34	-32.455	-58.3067	11.6
CED			MERCEDES	Villa Mercedes	SAN LUIS	AD	PUBLICO	NC	OK	515	-33.6422	-65.4205	4.7
CEJ			LAS CEJAS / AGROALAS S.R.L.	Las Cejas	TUCUMÁN	AD	PRIVADO	NC		346	-26.8697	-64.7458	9
CFU			CARHUÉ / FUMAGRO	Carhué	BUENOS AIRES	AD	PRIVADO	NC	OK	111	-37.2147	-62.7806	4.8
CHA			CHARATA	Charata	CHACO	AD	PUBLICO	NC	OK	92	-27.2164	-61.2101	11.9
CHC			CHAJARÍ / ESTANCIA LA CHOZA	Chajarí	ENTRE RÍOS	AD	PRIVADO	NC	OK	72	-30.539	-58.2929	12.7
CHJ			CHAJARÍ	Chajarí	ENTRE RÍOS	AD	PUBLICO	NC	OK	53	-30.7539	-58	12.8
CHM	SAHC	HOS	CHOS MALAL	Chos Malal	NEUQUÉN	AD	PUBLICO	NC	OK	850	-37.4442	-70.2231	-2.2
CHO			CHOLILA	Cholila	CHUBUT	AD	PRIVADO	NC	OK	574	-42.4806	-71.4568	-6.5
CHP	SAZY	CPC	SAN MARTÍN DE LOS ANDES / AVIADOR C. CAMPOS	San Martín de los Andes	NEUQUÉN	AD	PUBLICO	C	OK	783	-40.0753	-71.1372	-4.7
CHR			CHACHARRAMENDI	Chacharramendi	LA PAMPA	AD	PUBLICO	NC	CERRADO	290	-37.34	-65.647	2.1
CHT			CHARATA / EL GRINGO	Charata	CHACO	AD	PRIVADO	NC	OK	92	-27.3063	-61.2104	11.9
CHY			CHIVILCOY	Chivilcoy	BUENOS AIRES	AD	PUBLICO	NC	OK	53	-34.9625	-60.0322	8.7
CIF			ARRECIFES / AEROCLUB	Arrecifes	BUENOS AIRES	AD	PRIVADO	NC	OK	43	-34.0785	-60.046	9.2
CII			CORRIENTES / ITA IBATÉ	Ita Ibate	CORRIENTES	AD	PRIVADO	NC		68	-27.4483	-57.4222	14.8
CIP			CIPOLLETTI / AEROCLUB	Cipolletti	RÍO NEGRO	AD	PUBLICO	NC	CERRADO	270	-38.8928	-67.9889	-1.1
CIT			CORRIENTES / ITATÍ	Itatí	CORRIENTES	AD	PRIVADO	NC		60	-27.3033	-58.3153	14.2
CLD			CHAÑEAR LADEADO	Chañar Ladeado	SANTA FÉ	AD	PUBLICO	NC	OK	112	-33.3391	-62.0369	7.9
CLE			CORRALITO / LOMAS DEL ESPINILLO	Río Tercero	CÓRDOBA	AD	PRIVADO	NC	OK	439	-32.0881	-64.1697	6.8
CLH	SAVH	LHS	LAS HERAS	Las Heras	SANTA CRUZ	AD	PUBLICO	NC	OK	330	-46.5385	-68.9658	-7
CLI			CALILEGUA	Calilegua	JUJUY	AD	PRIVADO	NC	OK	442	-23.7817	-64.7497	10.4
CLN	SRAC		COLÓN (ENTRE RÍOS)	Colón	ENTRE RÍOS	AD	PUBLICO	NC	OK	20	-32.2608	-58.1561	11.8
CLP			CORONEL SUÁREZ / LA PISTA – (CLP) - DRCE – PRIVADO NO CONTROLADO [** USO AGROAÉREO **]	Coronel Suárez	BUENOS AIRES	AD	PRIVADO	NC	OK	259	-37.5788	-61.9079	5.3
CLT		CCT	COLONIA CATRIEL	Catriel	RÍO NEGRO	AD	PUBLICO	NC	CERRADO	313	-37.9082	-67.8288	-0.3
CNA			CAÑUELAS	Cañuelas	BUENOS AIRES	AD	PUBLICO	NC	OK	30	-35.1117	-58.7264	9.6
CNO	SRFA		CARMEN DE ARECO	Carmen de Areco	BUENOS AIRES	AD	PUBLICO	NC	OK	49	-34.4181	-59.8744	9.1
CNS			CANALS	Canals	CÓRDOBA	AD	PRIVADO	NC	OK	116	-33.5625	-62.8691	7.1
COA			ARIAS	Arias	CÓRDOBA	AD	PRIVADO	NC	OK	121	-33.6643	-62.3751	7.4
COL	SAZQ		RÍO COLORADO	Río Colorado	RÍO NEGRO	AD	PRIVADO	NC	OK	84	-38.995	-64.1403	2.3
CON			COLÓN / BUENOS AIRES	Colón	BUENOS AIRES	AD	PUBLICO	NC	OK	90	-33.9225	-61.0464	8.4
CPO	SADO		CAMPO DE MAYO	Estación San Miguel	BUENOS AIRES	AD	PRIVADO	NC	OK	24	-34.5343	-58.672	10.1
CQN			COSQUÍN / SANTA MARÍA	Cosquín	CÓRDOBA	AD	PRIVADO	NC	OK	700	-31.2858	-64.4556	7
CQZ			CAÑADA QUIRÓZ	Corrientes	CORRIENTES	AD	PRIVADO	NC	OK	55	-27.5497	-58.7175	13.8
CRD			CONCORDIA / AEROCLUB	Concordia	ENTRE RÍOS	AD	PUBLICO	NC	OK	90	-31.3039	-58.015	12.5
CRR	SARC	CNQ	CORRIENTES	Corrientes	CORRIENTES	AD	PUBLICO	C	OK	61	-27.4456	-58.7619	13.8
CRV	SAVC	CRD	COMODORO RIVADAVIA / GRAL. E. MOSCONI	Comodoro Rivadavia	CHUBUT	AD	PUBLICO	C	OK	57	-45.7853	-67.4656	-5.3
CSA			CALCHÍN / AEROCAMPO SERVICIOS AÉREOS	Calchín	CÓRDOBA	AD	PRIVADO	NC		202	-31.6574	-63.2761	7.8
CSJ			MORTEROS / CAMPO SAN JOSÉ	Morteros	CÓRDOBA	AD	PRIVADO	NC	OK	101	-30.777	-62.0147	9.5
CSN			CORONEL SUÁREZ / NUEVA ERA		BUENOS AIRES	AD		NC		248	-37.5091	-61.97	5.3
CSP			CAPITÁN SARMIENTO / SAN PATRICIO	Capitán Sarmiento	BUENOS AIRES	AD	PRIVADO	NC	OK	45	-34.0403	-59.6944	9.5
CSR	SRZC		CARLOS CASARES	Carlos Casares	BUENOS AIRES	AD	PUBLICO	NC	OK	80	-35.6298	-61.394	7
CSU			CHAJARÍ / SUR	Chajarí	ENTRE RÍOS	AD	PRIVADO	NC		69	-30.8022	-58.0143	12.8
CTA			COPETONAS	Copetonas	BUENOS AIRES	AD	PRIVADO	NC	OK	51	-38.7435	-60.5534	5.6
CTL			CAMPO DE TIRO LA CRUZ		CÓRDOBA	AD	PRIVADO	NC			-32.2527	-64.4778	6.4
CTP			CATRILÓ / ESTABLECIMIENTO LA MARÍA PILAR	Catrilo	LA PAMPA	AD	PRIVADO	NC	OK	125	-36.4886	-63.4331	4.7
CTS	SRDS		CAPITÁN SARMIENTO	Capitán Sarmiento	BUENOS AIRES	AD	PUBLICO	NC	OK	49	-34.1643	-59.7315	9.4
CUA			RÍO CUARTO / AEROCLUB	Río Cuarto	CÓRDOBA	AD	PUBLICO	NC	OK	424	-33.1606	-64.3372	6
CUM	SACC	LCM	LA CUMBRE	La Cumbre	CÓRDOBA	AD	PUBLICO	NC	OK	1138	-31.0059	-64.5321	7.1
CUT	SAZW	CUT	CUTRAL CÓ	Cutral Có	NEUQUÉN	AD	PUBLICO	NC	OK	650	-38.9397	-69.265	-2.3
CVV			VILLA VALERIA	Villa Valeria	CÓRDOBA	AD	PRIVADO	NC	OK	290	-34.3564	-64.9011	4.7
CZU			CURUZÚ CUATIÁ / AEROCLUB	Curuzú Cuatiá	CORRIENTES	AD	PUBLICO	NC	OK	80	-29.7789	-58.0969	13.2
DAR			DARREGUEIRA	Darregueira	BUENOS AIRES	AD	PRIVADO	NC	OK	198	-37.7122	-63.1625	4.1
DFR			DAIREAUX / FUMIGACIONES	Daireaux	BUENOS AIRES	AD	PUBLICO	NC	OK	113	-36.5908	-61.775	6.1
DIA	SAAC	COC	CONCORDIA / COMODORO JUAN JOSÉ PIERRESTEGUI	Concordia	ENTRE RÍOS	AD	PUBLICO	C	OK	34	-31.2969	-57.9967	12.5
DIL	SAZT	TDL	TANDIL / HÉROES DE MALVINAS	Tandil	BUENOS AIRES	AD	PUBLICO	C	OK	175	-37.2344	-59.2286	7.8
DIO			TANDIL / COMANDANTE EDUARDO A. OLIVERO	Tandil	BUENOS AIRES	AD	PUBLICO	NC	OK	193	-37.3468	-58.9827	7.9
DLC			DESPEÑADEROS / LOS CARANCHOS (DLC) - DRNO – PRIVADO NO CONTROLADO	Tandil	BUENOS AIRES	AD	PUBLICO	NC	OK	193	-37.3468	-58.9827	7.9
DOL	SAZD		DOLORES	Dolores	BUENOS AIRES	AD	PUBLICO	NC	OK	10	-36.32	-57.7206	9.7
DOP			MENDOZA / LA PUNTILLA	Ap. El Plumerillo	MENDOZA	AD	PUBLICO	NC	OK	942	-32.9625	-68.8739	1.8
DOR			CORONEL DORREGO	Coronel Dorrego	BUENOS AIRES	AD	PUBLICO	NC	OK	120	-38.7411	-61.2558	5
DOZ	SAME	MDZ	MENDOZA / EL PLUMERILLO	Mendoza	MENDOZA	AD	PUBLICO	C	OK	704	-32.8317	-68.7928	2
DRA			SAAVEDRA	Saavedra	BUENOS AIRES	AD	PUBLICO	NC	OK	317	-37.7496	-62.3339	4.8
DRX			DAIREAUX	Daireaux	BUENOS AIRES	AD	PRIVADO	NC	OK	116	-36.5828	-61.7842	6.1
DRY	SAVY	PMY	PUERTO MADRYN / EL TEHUELCHE	Puerto Madryn	CHUBUT	AD	PUBLICO	C	OK	130	-42.7592	-65.1028	-1.2
DTE			DIAMANTE	Diamante	ENTRE RÍOS	AD	PUBLICO	NC	OK	75	-32.0162	-60.5833	10
EAU			USHUAIA / EST. AERONAVAL	Ushuaia	TIERRA DEL FUEGO ANTÁRTIDA E ISLAS DEL ATLÁNTICO SUR	AD	PRIVADO	NC	OK	6	-54.8228	-68.3042	-11.7
EBF			ESPERANZA / ANIBAL BRIZI	Esperanza	SANTA FÉ	AD	PRIVADO	NC	OK	39	-31.4056	-60.8994	10.1
ECA	SAWC	FTE	EL CALAFATE	El Calafate	SANTA CRUZ	AD	PUBLICO	C	OK	204	-50.28	-72.0531	-11.7
ECX			EDUARDO CASTEX	Eduardo Castex	LA PAMPA	AD	PUBLICO	NC	OK	183	-35.8822	-64.275	4.3
EDO	SACD		CORONEL OLMEDO	Coronel Olmedo	CÓRDOBA	AD	PUBLICO	NC	OK	432	-31.4868	-64.1408	7.1
EDP			ESTANCIA DON PABLO (EDP) - DRNE - PRIVADO NO CONTROLADO - ILE		CORRIENTES	AD		NC			-29.5478	-59.03	12.6
EGO			LAS PAREJAS / EL GAUCHO	Las Parejas	SANTA FÉ	AD	PRIVADO	NC	OK	105	-32.6294	-61.5444	8.8
EKA			VILLA MERCEDES / EL KANY – (EKA) - DRNO – PRIVADO NO CONTROLADO		SAN LUIS	AD		NC			-33.6704	-65.5334	4.5
ELC			25 DE MAYO / ESTANCIA LA CRIOLLA	25 de Mayo	BUENOS AIRES	AD	PRIVADO	NC	OK	48	-35.5367	-60.1292	8.2
ELD	SATD	ELO	AEROCLUB ALTO PARANÁ EL DORADO	Eldorado	MISIONES	AD	PUBLICO	NC	OK	209	-26.3969	-54.5747	17.2
ELL			MAR DEL SUR / ESTANCIA LUCILA	Mar del Sur	BUENOS AIRES	AD	PRIVADO	NC	OK	22	-38.3086	-58.105	8
ELP			CLUB DE PLANEADORES SANTA ROSA / AERÓDROMO EL PAMPERO	Santa Rosa	LA PAMPA	AD	PUBLICO	NC	OK	178	-36.5971	-64.1867	3.9
EMA	SAVD	EMX	EL MAITÉN	El Maitén	CHUBUT	AD	PUBLICO	NC	OK	718	-42.03	-71.1708	-6
EML			CORONEL BRANDSEN / EL MANANTIAL	Coronel Brandsen	BUENOS AIRES	AD	PRIVADO	NC	CERRADO	15	-35.1944	-58.3599	9.9
ENO	SADJ		MARIANO MORENO	José C. Paz	BUENOS AIRES	AD	PUBLICO	C	OK	32	-34.56	-58.7897	9.9
ENV			RIACHUELO / NUEVA VALENCIA	Corrientes	CORRIENTES	AD	PRIVADO	NC	OK	57	-27.5874	-58.819	13.7
EPZ			ESPERANZA	Esperanza	SANTA FÉ	AD	PUBLICO	NC	OK	38	-31.4733	-60.8453	10.1
ERE	SANW	CRR	CERES	Ceres	SANTA FÉ	AD	PUBLICO	NC	OK	87	-29.8716	-61.927	10
ERT			VILLA MERCEDES / ESTANCIA DON ROBERTO	Villa Mercedes	SAN LUIS	AD	PRIVADO	NC	OK	436	-34.0011	-65.3666	4.5
ESC	SACE		CÓRDOBA / ESCUELA DE AVIACIÓN MILITAR		CÓRDOBA	AD		NC			-31.4606	-64.2833	7
ESN			ESQUINA	Esquina	CORRIENTES	AD	PUBLICO	NC	OK	39	-30.0476	-59.5352	11.9
ESQ	SAVE	EQS	ESQUEL / BRIGADIER GENERAL ANTONIO PARODI	Esquel	CHUBUT	AD	PUBLICO	C	OK	799	-42.9038	-71.1355	-6.5
ESR			EL ESPINILLO / ESTANCIA SAN RAFAEL	El Espinillo	FORMOSA	AD	PRIVADO	NC		88	-25.0434	-58.5913	14.9
ETB			EL TRÉBOL	El Trebol	SANTA FÉ	AD	PUBLICO	NC	OK	92	-32.2162	-61.7163	8.9
EVC			GOBERNADOR VALENTÍN VIRASORO / Ea. VILLA CORINA	Gobernador Valentín Virasoro	CORRIENTES	AD	PRIVADO	NC	OK	123	-28.041	-56.0711	15.5
EZA			LOS CONQUISTADORES / BUENA ESPERANZA	Los Conquistadores	ENTRE RÍOS	AD	PRIVADO	NC	OK	75	-30.5204	-58.3996	12.6
EZE	SAEZ	EZE	EZEIZA / MINISTRO PISTARINI	Capital Federal	BUENOS AIRES	AD	PUBLICO	C	OK	20	-34.8222	-58.5358	10
FAE			FIRMAT / AEROCLUB	Firmat	SANTA FÉ	AD	PRIVADO	NC	OK	105	-33.4291	-61.5112	8.3
FAG			FEDERAL / LA ANGELITA	Federal	ENTRE RÍOS	AD	PRIVADO	NC	CERRADO	70	-30.8522	-58.7067	12.2
FDD			FORTÍN DRAGONES / EL DESAFÍO	Dragones	SALTA	AD	PRIVADO	NC	OK	244	-23.2425	-63.3231	11.8
FDO	SADF	FDO	SAN FERNANDO	San Fernando	BUENOS AIRES	AD	PUBLICO	C	OK	3	-34.4545	-58.5909	10.2
FIM			FIRMAT	Firmat	SANTA FÉ	AD	PRIVADO	NC	CERRADO	105	-33.4681	-61.5011	8.3
FLO	SAEL		LAS FLORES	Las Flores	BUENOS AIRES	AD	PUBLICO	NC	OK	34	-36.0664	-59.1006	8.7
FMA	SACA		CÓRDOBA / CAPITÁN D. OMAR DARÍO GELARDI - FADEA	Córdoba	CÓRDOBA	AD	PUBLICO	NC	OK	486	-31.4419	-64.2585	7.1
FOR			FORMOSA / AEROCLUB	Formosa	FORMOSA	AD	PUBLICO	NC	OK	70	-26.3014	-58.2983	14.7
FRA			SAN FRANCISCO	San Francisco	CÓRDOBA	AD	PUBLICO	NC	OK	114	-31.4131	-62.1331	9
FRO			ROSARIO DE LA FRONTERA	Rosario de la Frontera	SALTA	AD	PRIVADO	NC	OK	837	-25.8262	-64.9632	9.3
FRS			FRÍAS	Frías	SANTIAGO DEL ESTERO	AD	PUBLICO	NC	OK	330	-28.6286	-65.1133	7.8
FSA	SARF	FMA	FORMOSA	Formosa	FORMOSA	AD	PUBLICO	C	OK	59	-26.2128	-58.2281	14.7
FUN			DEAN FUNES	Dean Funes	CÓRDOBA	AD	PUBLICO	NC	OK	689	-30.3793	-64.3797	7.6
FVA			FLORENCIO VARELA / EL PÁJARO	Florencio Varela	BUENOS AIRES	AD	PUBLICO	NC	CERRADO	16	-34.8267	-58.3167	10.2
GAA			GUALEGUAY / AGRO AÉREO GUALEGUAY	Gualeguay	ENTRE RÍOS	AD	PRIVADO	NC	OK	16	-33.0383	-59.4399	10.3
GAI			GANCEDO / AGROAIRE	Gancedo	CHACO	AD	PRIVADO	NC	OK	115	-27.4949	-61.6588	11.4
GAL	SAWG	RGL	RÍO GALLEGOS / PILOTO CIVIL N. FERNÁNDEZ	Río Gallegos	SANTA CRUZ	AD	PUBLICO	C	OK	19	-51.6088	-69.3122	-10.4
GAR			GENERAL ALVEAR	General Alvear	BUENOS AIRES	AD	PRIVADO	NC	CERRADO	50	-35.9789	-59.907	8.1
GAS			GENERAL VILLEGAS	General Villegas	BUENOS AIRES	AD	PUBLICO	NC	OK	117	-34.9962	-62.9988	6
GBE			GENERAL BELGRANO	General Belgrano	BUENOS AIRES	AD	PRIVADO	NC	OK	12	-35.7519	-58.4633	9.4
GBL			SALTA / GENERAL BELGRANO	Salta	SALTA	AD	PUBLICO	NC	OK	1261	-24.7458	-65.4189	9.4
GCR			GOBERNADOR CRESPO / AEROCLUB	Gobernador Crespo	SANTA FÉ	AD	PUBLICO	NC	SIN IDENTIFICACION VISUAL	52	-30.3872	-60.3692	11.1
GDH	SROD		GENERAL DEHEZA	General Deheza	CÓRDOBA	AD	PUBLICO	NC	OK	274	-32.745	-63.7961	6.7
GDO			GANCEDO / PULVERIZACIONES M. H.	Gancedo	CHACO	AD	PRIVADO	NC	DESPLAZADO	97	-27.4784	-61.6444	11.5
GEP			GUALEGUAYCHÚ / EL POTRERO	Gualeguaychú	ENTRE RÍOS	AD	PRIVADO	NC		27	-32.9747	-58.2539	11.3
GES	SAZV	VLG	VILLA GESELL	Villa Gesell	BUENOS AIRES	AD	PUBLICO	NC	OK	10	-37.2344	-57.0239	9.6
GEZ	SRDR		GENERAL RODRÍGUEZ / EAA	General Rodriguez	BUENOS AIRES	AD	PUBLICO	NC	OK	28	-34.6803	-59.0358	9.7
GIL			SAN ANDRÉS DE GILES	San Andrés de Giles	BUENOS AIRES	AD	PUBLICO	NC	OK	51	-34.4703	-59.4247	9.5
GIT			GOYA / ITALAVIATION	Goya	CORRIENTES	AD	PRIVADO	NC	OK	64	-29.1585	-59.1795	12.7
GLC			GENERAL PINTO / EA. LA CATALINA (GLC) - DRCE - PRIVADO NO CONTROLADO [### PERMISO PROVISORIO DE OPERACIÓN (PPO) ###]	General Pinto	BUENOS AIRES	HEL		NC		112	-34.4619	-62.1799	7.1
GLM			GUALEGUAYCHÚ / BLM CABAÑAS	Gualeguaychú	ENTRE RÍOS	AD	PRIVADO	NC	OK	7	-32.9775	-58.5222	11.1
GLP			GUALEGUAYCHÚ / EA LA PROVIDENCIA	Gualeguaychú	ENTRE RÍOS	AD	PRIVADO	NC	OK	20	-32.9414	-58.5648	11.1
GNA	SAMA		GENERAL ALVEAR	General Alvear	MENDOZA	AD	PUBLICO	NC	OK	454	-35.0594	-67.6932	1.7
GNR	SAHR	GNR	GENERAL ROCA / DR. ARTURO H. ILLIA	General Roca	RÍO NEGRO	AD	PUBLICO	NC	OK	260	-39	-67.6197	-0.8
GNV			GENERAL VIAMONTE / LOS TOLDOS	General Viamonte	BUENOS AIRES	AD	PUBLICO	NC	OK	72	-34.9772	-61.0208	7.8
GOC			GOBERNADOR CASTRO / EL GIRASOL	Gobernador Castro	BUENOS AIRES	AD	PRIVADO	NC	OK	28	-33.6686	-59.8342	9.6
GOM			CAÑADA DE GÓMEZ	Cañada de Gómez	SANTA FÉ	AD	PUBLICO	NC	OK	82	-32.8089	-61.3658	8.8
GOR	SACT		CHAMICAL / GOBERNADOR GORDILLO	El Chamical	LA RIOJA	AD	PUBLICO	NC	OK	458	-30.3442	-66.294	5.8
GOY	SATG	OYA	GOYA	Goya	CORRIENTES	AD	PUBLICO	C	OK	39	-29.1059	-59.2187	12.7
GOZ			GÓMEZ	Gómez	BUENOS AIRES	AD	PUBLICO	NC	OK	19	-35.0956	-58.0858	10.2
GPI	SAZG	GPO	GENERAL PICO	General Pico	LA PAMPA	AD	PUBLICO	NC	OK	140	-35.6947	-63.7589	4.9
GPK			GENERAL PINEDO / KALBERMATTER	General Pinedo	CHACO	AD	PRIVADO	NC		101	-27.2603	-61.4744	11.7
GPO			GENERAL PINEDO	General Pinedo	CHACO	AD	PUBLICO	NC	OK	91	-27.344	-61.2748	11.8
GRA	SAWE	RGA	RÍO GRANDE	Río Grande	TIERRA DEL FUEGO ANTÁRTIDA E ISLAS DEL ATLÁNTICO SUR	AD	PUBLICO	C	OK	20	-53.7776	-67.7495	-10.6
GRE	SAWR	GGS	GOBERNADOR GREGORES	Gobernador Gregores	SANTA CRUZ	AD	PUBLICO	NC	OK	356	-48.7833	-70.1622	-9.4
GRZ			GENERAL RODRÍGUEZ	General Rodriguez	BUENOS AIRES	AD	PRIVADO	NC	CERRADO	28	-34.5828	-59.0006	9.8
GSE			GUAVIRAVÍ / ESTANCIA SANTA ELISA	Guaviraví	CORRIENTES	AD	PRIVADO	NC	OK	63	-29.3044	-56.8812	14.4
GTE			GUATRACHÉ	Guatrache	LA PAMPA	AD	PUBLICO	NC	CERRADO	175	-37.7052	-63.5571	3.7
GUA	SAAG	GHU	GUALEGUAYCHÚ	Gualeguaychú	ENTRE RÍOS	AD	PUBLICO	C	OK	23	-33.0056	-58.6128	11
GVA			GENERAL ALVEAR / AEROCLUB	General Alvear	MENDOZA	AD	PRIVADO	NC	OK	466	-34.9697	-67.7242	1.7
GVZ			GONZALEZ CHAVES	Adolfo Gonzalez Cháves	BUENOS AIRES	AD	PUBLICO	NC	OK	194	-38.0331	-60.1339	6.5
GYA			GOYA / AEROCLUB	Goya	CORRIENTES	AD	PRIVADO	NC	OK	38	-29.1698	-59.247	12.6
GYT			GOBERNADOR GARMENDIA / AGRO SERVICIO YORIS	Gobernador Garmendia	TUCUMÁN	AD	PRIVADO	NC	OK	318	-26.5792	-64.5287	9.4
HAB			HELIPLATAFORMA / AM-1	Estrecho de Magallanes	TIERRA DEL FUEGO ANTÁRTIDA E ISLAS DEL ATLÁNTICO SUR	HEL	PRIVADO	NC	OK	30	-52.5192	-68.3858	-10.3
HAC			ALPA CORRAL / HELIPUERTO JUAN Y LUCI	Alpa Corral	CÓRDOBA	HEL	PRIVADO	NC	SIN IDENTIFICACION VISUAL	733	-32.6899	-64.7165	5.9
HAD			HELIPLATAFORMA / AM-2	Estrecho de Magallanes	TIERRA DEL FUEGO ANTÁRTIDA E ISLAS DEL ATLÁNTICO SUR	HEL	PRIVADO	NC	OK	44	-52.5489	-68.3125	-10.3
HAG			LUJÁN / SOL DE AGOSTO	Luján	BUENOS AIRES	HEL	PRIVADO	NC	OK	10	-34.5333	-58.9709	9.8
HAL			BUENOS AIRES / DR. ALFREDO LANARI		CIUDAD AUTÓNOMA DE BUENOS AIRES	HEL		NC			-34.5725	-58.4004	10.3
HAM			HELIPLATAFORMA / AM-3	Estrecho de Magallanes	TIERRA DEL FUEGO ANTÁRTIDA E ISLAS DEL ATLÁNTICO SUR	HEL	PRIVADO	NC	OK	41	-52.5228	-68.2808	-10.2
HAR			BENAVÍDEZ / ARSAT ( HAR ) - DRCE – PRIVADO - NO CONTROLADO - ILE		BUENOS AIRES	HEL		NC			-34.4106	-58.7206	10.1
HAS			PARANÁ / AMARRAS DEL SOL	Paraná	ENTRE RÍOS	HEL	PRIVADO	NC		16	-31.7086	-60.5008	10.2
HAT			ALMAFUERTE / HELIPUERTO TRANSENER S.A.	Almafuerte	CÓRDOBA	HEL	PRIVADO	NC	OK	500	-32.2035	-64.3146	6.6
HAU			BUENOS AIRES / AUTÓDROMO CIUDAD DE BS. AS.		CIUDAD AUTÓNOMA DE BUENOS AIRES	HEL	PRIVADO	NC	OK	16	-34.6939	-58.4604	10.1
HAZ			CORRIENTES / AZ S.A.		CORRIENTES	HEL		NC			-27.5272	-58.7614	13.8
HBA			SAN CARLOS DE BARILOCHE / ARELAUQUEN	San Carlos de Bariloche	RÍO NEGRO	HEL	PRIVADO	NC	OK	945	-41.1612	-71.3657	-5.6
HBC			BUENOS AIRES / B. CHURRUCA	Ciudad de Buenos Aires	CIUDAD AUTÓNOMA DE BUENOS AIRES	HEL	PUBLICO	NC	OK	6	-34.6407	-58.4094	10.2
HBI			CÓRDOBA / CENTRO CÍVICO BICENTENARIO	Aeropuerto	CÓRDOBA	HEL	PRIVADO	NC		392	-31.4204	-64.1734	7.2
HBJ			BUQUE JASCON		TIERRA DEL FUEGO ANTÁRTIDA E ISLAS DEL ATLÁNTICO SUR	HEL		NC			-52.5489	-68.3125	-10.3
HBN			BUENOS AIRES / NUÑEZ		CIUDAD AUTÓNOMA DE BUENOS AIRES	HEL		NC		3	-34.5332	-58.451	10.2
HBO			EL BRACHO / TRANSENER S.A.	El Bracho	TUCUMÁN	HEL	PRIVADO	NC	OK	378	-26.9935	-65.1635	8.6
HBP			BAHÍA BLANCA / HELIPUERTO PBB POLISUR S.A.	Bahía Blanca	BUENOS AIRES	HEL	PRIVADO	NC	OK	5	-38.7734	-62.294	4.1
HBT			LA PLATA / HELIPUERTO DE SUPERFICIE – (HBT) - DRCE - PRIVADO NO CONTROLADO	La Plata	BUENOS AIRES	HEL	PRIVADO	NC		6	-34.9004	-57.9295	10.4
HBY			HELIPLATAFORMA / BARCAZA YAGANA		TIERRA DEL FUEGO ANTÁRTIDA E ISLAS DEL ATLÁNTICO SUR	HEL		NC			-52.4713	-68.3202	-10.2
HCA			COSTA AZUL / LA CALDERA	Duhau, Av. Belgrano y Av. Costanera	BUENOS AIRES	HEL	PRIVADO	NC	CERRADO	10	-36.667	-56.6787	10.2
HCC			CHOELE CHOEL / HELIPUERTO TRANSENER S.A.	Lamarque	RÍO NEGRO	HEL	PRIVADO	NC	OK	130	-39.5667	-65.6888	0.5
HCD			SAN MARTÍN DE LOS ANDES / EA. LA CANDELARIA	San Martín de los Andes	NEUQUÉN	HEL	PRIVADO	NC	OK	914	-40.0441	-71.3666	-4.9
HCE			HELIPLATAFORMA / RÍO CULLEN-HIDRACENTRO TOTAL AUSTRAL		TIERRA DEL FUEGO ANTÁRTIDA E ISLAS DEL ATLÁNTICO SUR	HEL	PRIVADO	NC	SIN IDENTIFICACION VISUAL	39	-52.8364	-68.1789	-10.4
HCF			HELIPUERTO BUENOS AIRES / COMODORO VGM GUSTAVO LUIS BREA		TIERRA DEL FUEGO ANTÁRTIDA E ISLAS DEL ATLÁNTICO SUR	HEL	PRIVADO	NC	SIN IDENTIFICACION VISUAL	39	-52.8364	-68.1789	-10.4
HCI			BELÉN DE ESCOBAR / CABAÑA SAN ISIDRO LABRADOR I	Belén de Escobar	BUENOS AIRES	HEL	PRIVADO	NC	OK	12	-34.3787	-58.7885	10.1
HCL			CATAN LIL / HELIPUERTO EA. SANTA ISABEL	Departamento de Collón Curá	NEUQUÉN	HEL	PRIVADO	NC	SIN IDENTIFICACION VISUAL	950	-39.8848	-70.5139	-4
HCN			EMBALSE / CENTRAL NUCLEAR	Embalse	CÓRDOBA	HEL	PRIVADO	NC	OK	530	-32.2295	-64.4399	6.4
HCO			CHENAUT / EL CAPRICHO	Estación Chenaut	BUENOS AIRES	HEL	PRIVADO	NC	CERRADO	30	-34.2327	-59.3159	9.7
HCP			YACIMIENTO CAÑADON ALFA / TOTAL AUSTRAL S.A.		TIERRA DEL FUEGO ANTÁRTIDA E ISLAS DEL ATLÁNTICO SUR	HEL	PRIVADO	NC	OK	87	-52.7387	-68.5725	-10.6
HCR			BARREALES GRAN MENDOZA / HELIPUERTO TRANSENER S.A.	Barreales	MENDOZA	HEL	PRIVADO	NC	OK	674	-33.0992	-68.5794	2
HCS			CAPILLA DEL SEÑOR / LAS ARAUCARIAS	Capilla del Señor	BUENOS AIRES	HEL	PRIVADO	NC	OK	25	-34.307	-59.1703	9.8
HCT			CAMPANA / HELIPUERTO TRANSENER S.A.	Campana	BUENOS AIRES	HEL	PRIVADO	NC	OK	10	-34.1744	-58.9993	10
HCU			CÓRDOBA / CIUDAD UNIVERSITARIA	Medina Allende, Av. Ciudad de Valparaiso y vías FCGBM	CÓRDOBA	HEL	PRIVADO	NC	OK	440	-31.4408	-64.1903	7.1
HCV			CABO VÍRGENES / BRM CABO VÍRGENES	Río Gallegos	SANTA CRUZ	HEL	PRIVADO	NC	OK	55	-52.3303	-68.4085	-10.2
HDA			BUENOS AIRES / DÁRSENA SUR	Isla Demarchi	CIUDAD AUTÓNOMA DE BUENOS AIRES	HEL	PUBLICO	NC	OK	5	-34.6279	-58.3515	10.3
HDH			DON TORCUATO / HELINORTH		BUENOS AIRES	HEL		NC			-34.4888	-58.6009	10.1
HDL			JUNÍN DE LOS ANDES / CASA DE LATA	Junín de los Andes	NEUQUÉN	HEL	PRIVADO	NC	SIN IDENTIFICACION VISUAL	982	-39.8156	-71.17	-4.6
HDN			HELIPUERTO BUENOS AIRES / DÁRSENA NORTE – (HDN) - FIR EZE - MILITAR NO CONTROLADO (HABILITADO POR LA FUERZA AÉREA ARGENTINA)		CIUDAD AUTÓNOMA DE BUENOS AIRES	HEL		NC			-34.5933	-58.365	10.3
HDS			HENDERSON	Henderson	BUENOS AIRES	AD	PUBLICO	NC	OK	150	-36.3153	-61.7478	6.3
HDV			HELIPUERTO MERLO / DIRVYCA – (HDV) - FIR EZE - MILITAR NO CONTROLADO (HABILITADO POR LA FUERZA AÉREA ARGENTINA)		BUENOS AIRES	HEL		NC			-34.6808	-58.7336	9.9
HEA			HELIPLATAFORMA / AM-6	Cabo Vírgenes	TIERRA DEL FUEGO ANTÁRTIDA E ISLAS DEL ATLÁNTICO SUR	HEL	PRIVADO	NC	SIN IDENTIFICACION VISUAL	32	-52.6083	-68.1278	-10.2
HEC			LA PLATA / HELIPUERTO ECODYMA S.C.A.	Estación La Plata	BUENOS AIRES	HEL	PRIVADO	NC	OK	14	-34.9408	-57.9919	10.3
HEM			HELIPLATAFORMA / EQUIPO MODULAR M-10		TIERRA DEL FUEGO ANTÁRTIDA E ISLAS DEL ATLÁNTICO SUR	HEL		NC			-52.5451	-68.2749	-10.3
HEN			BAHÍA SAN SEBASTIÁN / PLANTA CRUZ DEL SUR	Río Grande	TIERRA DEL FUEGO ANTÁRTIDA E ISLAS DEL ATLÁNTICO SUR	HEL	PRIVADO	NC	OK	53	-53.323	-68.2661	-10.7
HES			ARIES / TOTAL FINA		TIERRA DEL FUEGO ANTÁRTIDA E ISLAS DEL ATLÁNTICO SUR	HEL	PRIVADO	NC	SIN IDENTIFICACION VISUAL	0	-52.6831	-68.0419	-10.2
HET			SANTIAGO DEL ESTERO / HELIPUERTO EDIFICIO TRIBUNALES	Av. H. Yrigoyen entre Av. Alvear y Chacabuco	SANTIAGO DEL ESTERO	HEL	PRIVADO	NC		195	-27.7814	-64.2651	9
HEV			ALMIRANTE BROWN / D.P. EL VAPOR	Destacamento Policial El Vapor	BUENOS AIRES	HEL	PUBLICO	NC		28	-34.8347	-58.385	10.1
HFA			BUENOS AIRES / FUERZA AÉREA (EDIFICIO CÓNDOR)	Estación Retiro	CIUDAD AUTÓNOMA DE BUENOS AIRES	HEL	PRIVADO	NC	OK	6	-34.586	-58.3681	10.3
HFC			SALTA / FINCA LAS COSTAS	Salta	SALTA	HEL	PRIVADO	NC	OK	1311	-24.7704	-65.4955	9.3
HFE			HELIPLATAFORMA FENIX	Salta	SALTA	HEL	PRIVADO	NC	OK	1311	-24.7704	-65.4955	9.3
HFG			NEUQUÉN / FÉLIX GALVAN		NEUQUÉN	HEL		NC			-38.8665	-68.101	-1.2
HFV			FLORENCIO VARELA / COLONIA LA CAPILLA	Florencio Varela	BUENOS AIRES	HEL	PUBLICO	NC	OK	25	-34.9169	-58.2502	10.2
HGA			CAÑUELAS / CAÑUELAS GAS S.A.	Cañuelas	BUENOS AIRES	HEL	PRIVADO	NC	OK	30	-35.0583	-58.7882	9.6
HGB			SALTA / CENTRO CÍVICO GRAND BOURG	Salta	SALTA	HEL	PRIVADO	NC	OK	1260	-24.7808	-65.4511	9.4
HGC			CHAPELCO / GRANDE		NEUQUÉN	HEL	PRIVADO	NC			-40.0908	-71.1411	-4.7
HGM			GONZÁLEZ CATÁN / LAR DE PAZ S.A	Estación FFCC Gonzalez Catán	BUENOS AIRES	HEL	PRIVADO	NC	OK	15	-34.7763	-58.6583	9.9
HGN			BUENOS AIRES / CENTINELA	Ciudad de Buenos Aires	CIUDAD AUTÓNOMA DE BUENOS AIRES	HEL	PRIVADO	NC	OK	13	-34.5824	-58.3745	10.3
HGO			HELIPUERTO ELEVADO ROSARIO / GRUPO OROÑO (HGO) - DRCE – PRIVADO NO CONTROLADO (USO SANITARIO)		SANTA FÉ	HEL	PRIVADO	NC			-32.9441	-60.6543	9.4
HGS			SANTA FE / HUGHES PLUS AGROSERVICIOS AEREOS S.R.L.	Hughes	SANTA FÉ	AD	PRIVADO	NC		97	-33.8111	-61.3375	8.3
HHL			LAS LAJAS / ESTANCIA HAYCHOL	Las Lajas	NEUQUÉN	HEL	PRIVADO	NC	SIN IDENTIFICACION VISUAL	1051	-38.5482	-70.6775	-3.3
HHM			SALTA / HOSPITAL DE MILAGRO	Salta	SALTA	HEL	PRIVADO	NC	OK	1240	-24.7729	-65.4156	9.4
HHS			HELIPUERTO ELEVADO SAN RAFAEL / HOSPITAL TEODORO J. SCHESTAKOW		MENDOZA	HEL		NC			-34.6203	-68.3258	1.3
HHT			DON TORCUATO / TECNOCOPTER S.A.	Ex Aeródromo Don Torcuato	BUENOS AIRES	HEL	PUBLICO	NC	OK	20	-34.4927	-58.6069	10.1
HHW			MORENO / HELIWEST	Moreno	BUENOS AIRES	HEL	PRIVADO	NC	OK	21	-34.6342	-58.7518	9.9
HIF			HELIPUERTO EZEIZA / IFE - INSTITUTO DE FORMACIÓN EZEIZA - FIR EZE - MILITAR NO CONTROLADO (HABILITADO POR LA FUERZA AÉREA ARGENTINA)		BUENOS AIRES	HEL		NC			-34.7889	-58.535	10
HIL			GENERAL VILLEGAS / SAN ISIDRO LABRADOR II	General Villegas	BUENOS AIRES	HEL	PRIVADO	NC	OK	115	-35.0817	-63.08	5.9
HIS			LA MATANZA / CAMPANÓPOLIS	Aeropuerto Ezeiza / Ministro Pistarini	BUENOS AIRES	HEL	PRIVADO	NC	OK	6	-34.7917	-58.6019	10
HIT			ITUZAINGÓ / TRANSENER	Ituzaingó	CORRIENTES	HEL	PRIVADO	NC	OK	71	-27.5586	-56.6583	15.3
HJN			JUNÍN DE LOS ANDES / ESTANCIA PALITUE	Junín de los Andes	NEUQUÉN	HEL	PRIVADO	NC	OK	859	-39.8528	-71.0464	-4.5
HLE			LAGO ESCONDIDO / HELIPUERTO HIDDEN LAKE S.A	El Bolsón	RÍO NEGRO	HEL	PRIVADO	NC	OK	830	-41.7034	-71.6077	-6.2
HLF			CAPILLA DEL SEÑOR / LOS FRESNOS	Capilla del Señor	BUENOS AIRES	HEL	PRIVADO	NC	OK	34	-34.2816	-59.1186	9.8
HLH			LUJÁN / HOMAQ	Luján	BUENOS AIRES	HEL	PRIVADO	NC	SIN IDENTIFICACION VISUAL	24	-34.5574	-59.0459	9.7
HLI			DON TORCUATO / HELICENTER	Ex Aeródromo Don Torcuato	BUENOS AIRES	HEL	PRIVADO	NC	OK	3	-34.4975	-58.6069	10.1
HLL			SAN CARLOS DE BARILOCHE / COMPLEJO LLAO LLAO	San Carlos de Bariloche	RÍO NEGRO	HEL	PRIVADO	NC	OK	775	-41.0547	-71.5338	-5.7
HLP			LA PLATA / HELIPUERTO D.P.A.O.	Extremo W del aeródromo	BUENOS AIRES	HEL	PUBLICO	NC	OK	19	-34.9598	-57.8931	10.4
HLR			LOS CARDALES / LA RESERVA	Los Cardales	BUENOS AIRES	HEL	PRIVADO	NC	OK	6	-34.2704	-58.9004	10
HLS			OPEN DOOR / LA SUPERBA		BUENOS AIRES	HEL	PRIVADO	NC	OK	0	-34.5007	-59.0152	9.8
HLT			VILLA ROSA / LAS CHACRITAS	Villa Rosa	BUENOS AIRES	HEL	PRIVADO	NC	OK	19	-34.4046	-58.8636	10
HLU			LUJÁN / TRANSENER S.A.	Luján	SAN LUIS	HEL	PRIVADO	NC	OK	600	-32.3667	-66.0664	4.8
HMA			HUDSON / MANUEL AFONSO		BUENOS AIRES	HEL	PUBLICO	NC	OK	11	-34.8155	-58.1954	10.3
HMC			GARÍN / MIRAFLORES COUNTRY CLUB	Garin	BUENOS AIRES	HEL	PRIVADO	NC	CERRADO	21	-34.4459	-58.7341	10.1
HMD			HELIPUERTO ELEVADO BUENOS AIRES / HELIPUERTO SWISS MEDICAL	Juan B. Justo 909	CIUDAD AUTÓNOMA DE BUENOS AIRES	HEL	PRIVADO	NC	OK	59	-34.5811	-58.4295	10.2
HME			PILAR / MEMORIAL	Ruta Panamericana Km. 46	BUENOS AIRES	HEL	PRIVADO	NC	OK	19	-34.4444	-58.8367	10
HMF			LA MATANZA / OFICIAL SUBINSPECTOR GUSTAVO SOAREZ DE SOUZA	Ruta 4 y Autopista Richieri	BUENOS AIRES	HEL	PRIVADO	NC	OK	43	-34.7236	-58.5149	10.1
HMG			HELIPUERTO ELEVADO BUENOS AIRES / MADERO HARBOUR		CIUDAD AUTÓNOMA DE BUENOS AIRES	HEL		NC			-34.6208	-58.3608	10.3
HMH			SAN FERNANDO / PARANÁ MINÍ	Río Paraná Miní	BUENOS AIRES	HEL	PRIVADO	NC	OK	5	-34.171	-58.5108	10.4
HMM			DOCTOR MARIANO MORENO	José C. Paz	BUENOS AIRES	HEL	PRIVADO	NC	OK	32	-34.5629	-58.7906	9.9
HMQ			HELIPLATAFORMA / AM-5	Estrecho de Magallanes	TIERRA DEL FUEGO ANTÁRTIDA E ISLAS DEL ATLÁNTICO SUR	HEL	PRIVADO	NC	OK	30	-52.5706	-68.2533	-10.3
HMT			MONTE CRISTO / TRANSENER S.A.	Monte Cristo	CÓRDOBA	HEL	PRIVADO	NC	OK	330	-31.3392	-63.9139	7.4
HMY			LA MATANZA / TERMINAL Y.P.F.	Ruta Prov. 21 y Av. Cristianía	BUENOS AIRES	HEL	PRIVADO	NC	OK	10	-34.7319	-58.5577	10
HNA			EL GALPÓN / NITRATOS AUSTIN SA		SALTA	HEL		NC			-25.3458	-64.4553	10
HNB			TIGRE / NORDELTA	Tigre	BUENOS AIRES	HEL	PRIVADO	NC	OK	5	-34.4396	-58.6421	10.1
HNC			HELIPUERTO / BUQUE NORMAND COMMANDER		TIERRA DEL FUEGO ANTÁRTIDA E ISLAS DEL ATLÁNTICO SUR	HEL		NC			-52.6083	-68.1278	-10.2
HNE			PILAR / NEURUS	Tigre	BUENOS AIRES	HEL	PRIVADO	NC	OK	5	-34.4396	-58.6421	10.1
HNH			HELIPLATAFORMA NOBLE HOUSTON COLBERT	Cuenca Marina Austral I Aguas Juridiccionales Argentinas	TIERRA DEL FUEGO ANTÁRTIDA E ISLAS DEL ATLÁNTICO SUR	HEL	PRIVADO	NC		63	-53.0983	-67.2203	-9.8
HNO			HELIPLATAFORMA / RÍO CULLEN-HIDRA NORT		TIERRA DEL FUEGO ANTÁRTIDA E ISLAS DEL ATLÁNTICO SUR	HEL	PRIVADO	NC	SIN IDENTIFICACION VISUAL	20	-52.8206	-68.2192	-10.4
HNP			BUENOS AIRES / HOSPITAL NAC. DE PEDIATRÍA J. GARRAHAN	Av. Juan de Garay y Pichincha	CIUDAD AUTÓNOMA DE BUENOS AIRES	HEL	PUBLICO	NC	OK	39	-34.631	-58.3938	10.2
HOB			ALTA GRACIA / HELIPUERTO ORESTE BERTA	Alta Gracia	CÓRDOBA	HEL	PRIVADO	NC	SIN IDENTIFICACION VISUAL	570	-31.6331	-64.3978	6.8
HOC			BUQUE OCEANIC CHAMPION	Río Grande	TIERRA DEL FUEGO ANTÁRTIDA E ISLAS DEL ATLÁNTICO SUR	HEL	PRIVADO	NC		20	-52.8333	-66.4167	-9.1
HOS			HELIPLATAFORMA MÓVIL / OCEAN SCEPTER	Golfo San Jorge	SANTA CRUZ	HEL	PRIVADO	NC	SIN IDENTIFICACION VISUAL	154	-46.4667	-67.4333	-5.7
HOT			HELIPLATAFORMA / BUQUE OLYMPIC TAURUS		TIERRA DEL FUEGO ANTÁRTIDA E ISLAS DEL ATLÁNTICO SUR	HEL		NC			-53.3125	-67.7733	-10.4
HPA			BUENOS AIRES / PRESIDENCIA DE LA NACIÓN	Av Madero,Tte. Gral. Perón y Av. La Rábida	CIUDAD AUTÓNOMA DE BUENOS AIRES	HEL	PRIVADO	NC	OK	8	-34.6064	-58.3683	10.3
HPB			PUNTA BANDERA		SANTA CRUZ	HEL	PRIVADO	NC			-50.312	-72.7923	-12.3
HPC			HELIPUERTO ELEVADO CÓRDOBA / POLICÍA PROVINCIA DE CÓRDOBA	Córdoba	CÓRDOBA	HEL	PUBLICO	NC	OK	393	-31.4082	-64.1994	7.1
HPD			MENDOZA / HELIPUERTO POLICÍA DE LA PROVINCIA DE MENDOZA - BASE CÓNDOR	Aeropuerto de Mendoza	MENDOZA	HEL	PRIVADO	NC	OK	807	-32.8784	-68.8677	1.9
HPE			PARANÁ / HOSPITAL MATERNO INFANTIL SAN ROQUE	Paraná	ENTRE RÍOS	HEL	PUBLICO	NC	SIN IDENTIFICACION VISUAL	81	-31.73	-60.5213	10.2
HPG			PIEDRA DEL ÁGUILA / TRANSENER S.A.	Piedra del Águila	NEUQUÉN	HEL	PRIVADO	NC	OK	702	-40.1613	-70.0424	-3.8
HPI			PILAR–GOLF / PIERO VARA	Pilar	BUENOS AIRES	HEL	PRIVADO	NC	OK	12	-34.4331	-58.9725	9.9
HPL			LA RIOJA / HELIPUERTO DE LA POLICÍA DE LA PROVINCIA DE LA RIOJA	La Rioja	LA RIOJA	HEL	PRIVADO	NC		520	-29.4356	-66.8632	5.8
HPM			LA PLATA / HELIPUERTO POLICLÍNICO SAN MARTÍN	Av. 1 y Calle 71	BUENOS AIRES	HEL	PUBLICO	NC	SIN IDENTIFICACION VISUAL	21	-34.9246	-57.9219	10.4
HPN			BUENOS AIRES / P.N.A. OF. PPAL. BALLESTRA	Junín y Rafael Obligado (Dársena F)	CIUDAD AUTÓNOMA DE BUENOS AIRES	HEL	PRIVADO	NC	OK	6	-34.5772	-58.3838	10.3
HPO			PUERTO ESPERANZA – (HPO) - DRNE - PRIVADO NO CONTROLADO	Esperanza	MISIONES	HEL	PRIVADO	NC		155	-25.9903	-54.6383	17.3
HPR			HELIPUERTO PÉREZ / PLANTA ROSSI	Pérez	SANTA FÉ	HEL	PRIVADO	NC		35	-33.0056	-60.7478	9.3
HPS			HELIPUERTO PACHÓN / MINERA PACHÓN S.A.	Pachón	SAN JUAN	HEL	PRIVADO	NC	OK	3600	-31.7601	-70.4121	1.1
HPT			SAN MARTÍN / COOPERATIVA DE TRABAJOS PORTUARIOS LIMITADA – (HPT) - DRCE - PRIVADO NO CONTROLADO	Puerto General San Martín	SANTA FÉ	HEL	PRIVADO	NC		9	-32.7192	-60.7265	9.5
HPU			PUELCHES / TRANSENER S.A.	Puelches	LA PAMPA	HEL	PRIVADO	NC	OK	229	-38.1477	-65.8249	1.4
HRA			HELIPUERTO LA REJA-CIT / SUTERH		BUENOS AIRES	HEL		NC			-34.605	-58.8372	9.9
HRC			CARMEN DE ARECO / SAN JOAQUÍN	Carmen de Areco	BUENOS AIRES	HEL	PRIVADO	NC	SIN IDENTIFICACION VISUAL	42	-34.3385	-59.7215	9.3
HRE			RECREO / TRANSENER S.A	Recreo	CATAMARCA	HEL	PRIVADO	NC	OK	247	-29.2628	-65.0582	7.5
HRI			HELIPLATAFORMA CARINA / TOTAL FINA ELF		TIERRA DEL FUEGO ANTÁRTIDA E ISLAS DEL ATLÁNTICO SUR	HEL	PRIVADO	NC	SIN IDENTIFICACION VISUAL	0	-52.7572	-67.2194	-9.6
HRM			SAN MARTÍN DE LOS ANDES / RANCHO DE MONTAÑA	San Martín de los Andes	NEUQUÉN	HEL	PRIVADO	NC	OK	1005	-40.1523	-71.2854	-4.9
HRT			ROMANG / TRANSENER S.A.	Romang	SANTA FÉ	HEL	PRIVADO	NC	OK	58	-29.4615	-59.7648	12.1
HRW			RÍO GRANDE / HELIPUERTO EA. RÍO EWAN	Río Grande	TIERRA DEL FUEGO ANTÁRTIDA E ISLAS DEL ATLÁNTICO SUR	HEL	PRIVADO	NC	OK	33	-54.2336	-67.2132	-10.5
HSC			HELIPUERTO DE SUPERFICIE SPEGAZZINI / CENTRAL TÉRMICA	Carlos Spegazzini	BUENOS AIRES	HEL	PRIVADO	NC	OK	17	-34.902	-58.6157	9.9
HSD			MORENO / COUNTRY CLUB SAN DIEGO	Moreno	BUENOS AIRES	HEL	PRIVADO	NC	OK	23	-34.6005	-58.8409	9.9
HSG			BUENOS AIRES / SANATORIO GÜEMES	Facundo Acuña de Figueroa y Av. Córdoba	CIUDAD AUTÓNOMA DE BUENOS AIRES	HEL	PRIVADO	NC	OK	82	-34.597	-58.4219	10.2
HSH			SAN ANDRÉS DE GILES / HOSPITAL MUNICIPAL	Rawson entre Soulé y Cámpora	BUENOS AIRES	HEL	PUBLICO	NC	OK	47	-34.4489	-59.4494	9.5
HSI			SIEM MARLIN		TIERRA DEL FUEGO ANTÁRTIDA E ISLAS DEL ATLÁNTICO SUR	HEL		NC			-52.6083	-68.1278	-10.2
HSJ			CURUZÚ CUATIÁ / ESTANCIA SAN JUAN	Curuzú Cuatiá	CORRIENTES	AD	PRIVADO	NC	OK	82	-29.6018	-58.0221	13.4
HSM			TIGRE / ISLA SANTA MÓNICA		BUENOS AIRES	HEL	PRIVADO	NC	SIN IDENTIFICACION VISUAL	3	-34.4147	-58.5074	10.3
HSN			SAN NICOLÁS DE LOS ARROYOS / MIGUEL COLOMBISE	Estación FFCC local	BUENOS AIRES	HEL	PUBLICO	NC	OK	27	-33.3589	-60.2494	9.5
HSP			HELIPUERTO / BUQUE SKANDI PATAGONIA	Campo Vega Pleyade (531929S-0674311W 530346S-0674649W 525444S-0680635W 525554S-0681826W)	TIERRA DEL FUEGO ANTÁRTIDA E ISLAS DEL ATLÁNTICO SUR	HEL	PRIVADO	NC		36	-53.0765	-67.964	-10.4
HSR			SANTA CRUZ / ESTANCIA SAN RAMÓN	Puerto Santa Cruz	SANTA CRUZ	HEL	PRIVADO	NC	OK	374	-50.303	-69.9177	-10.1
HST			EL CORCOVADO / SANTA TERESITA		CHUBUT	HEL	PRIVADO	NC			-43.5386	-71.5405	-7.3
HSW			HELIPLATAFORMA SWIBER PJW3000 – (HSW) - DRSU - PRIVADO NO CONTROLADO [** HLP CERRADO (CLSD) **]	Campo Vega Pleyade (531929S-0674311W 530346S-0674649W 525444S-0680635W 525554S-0681826W)	TIERRA DEL FUEGO ANTÁRTIDA E ISLAS DEL ATLÁNTICO SUR	HEL	PRIVADO	NC		36	-53.0765	-67.964	-10.4
HSX			HELIPLATAFORMA / BUQUE STENA DRILLMAX	Campo Vega Pleyade (531929S-0674311W 530346S-0674649W 525444S-0680635W 525554S-0681826W)	TIERRA DEL FUEGO ANTÁRTIDA E ISLAS DEL ATLÁNTICO SUR	HEL	PRIVADO	NC		36	-53.0765	-67.964	-10.4
HTA			CONCEPCIÓN DEL URUGUAY / HELIPUERTO TALITAS	Concepción del Uruguay	ENTRE RÍOS	HEL	PRIVADO	NC	OK	8	-32.5482	-58.2407	11.6
HTC			HELIPUERTO TIMBÚES / CENTRAL TÉRMICA		SANTA FÉ	HEL		NC			-32.5867	-60.7906	9.5
HTD			TANDIL / EA. LA PASCUALA	Tandil	BUENOS AIRES	HEL	PRIVADO	NC	OK	220	-37.3937	-58.9664	7.9
HTL			TRENQUE LAUQUEN / EA. LA CHACOTA	Trenque Lauquen	BUENOS AIRES	HEL	PRIVADO	NC	OK	90	-35.9133	-62.6417	5.8
HTS			EL TURBIO / ESTANCIA SANTA ANA	El Turbio	SANTA CRUZ	HEL	PRIVADO	NC	SIN IDENTIFICACION VISUAL	665	-51.6858	-71.9677	-12.5
HUE			CARHUÉ	Carhué	BUENOS AIRES	AD	PRIVADO	NC	OK	110	-37.1939	-62.7814	4.8
HUG			HUANGUELÉN	Huanguelén	BUENOS AIRES	AD	PRIVADO	NC	OK	158	-37.0527	-61.9532	5.6
HUI			HUINCA RENANCÓ	Huinca Renancó	CÓRDOBA	AD	PUBLICO	NC	OK	180	-34.8204	-64.3741	4.9
HUM			HUMBOLDT / ESTABLECIMIENTO LA ADELITA	Humboldt	SANTA FÉ	AD	PRIVADO	NC	OK	50	-31.3899	-61.1426	9.9
HUP			GENERAL ALVEAR / UNIDAD PENITENCIARIA N° 30	General Alvear	BUENOS AIRES	HEL	PRIVADO	NC	CERRADO	55	-36.0444	-60.0167	8
HUU			25 DE MAYO / SATURNINO UNZUÉ	Estación FFCC	BUENOS AIRES	HEL	PRIVADO	NC	CERRADO	50	-35.4232	-60.1595	8.2
HVA			TIGRE / VILLA LA ÑATA	Estación FFCC Tigre	BUENOS AIRES	HEL	PRIVADO	NC	OK	3	-34.3752	-58.6558	10.2
HVM			VILLA MARTELLI / CITEFA	Zufriategui,Mansi y Gral. Paz	BUENOS AIRES	HEL	PRIVADO	NC	OK	17	-34.5577	-58.5055	10.2
HVP			HELIPLATAFORMA VEGA PLEYADE		TIERRA DEL FUEGO ANTÁRTIDA E ISLAS DEL ATLÁNTICO SUR	HEL		NC			-53.2836	-67.7458	-10.3
HWG			BUQUE W. G. VESPUCCI	25 de Mayo 555 Piso 19-20 CABA	TIERRA DEL FUEGO ANTÁRTIDA E ISLAS DEL ATLÁNTICO SUR	HEL	PRIVADO	NC	OK	28	-52.9	-66.8167	-9.4
HYC			YACANTO DE CALAMUCHITA / ROCA VAL	Villa Yacanto	CÓRDOBA	HEL	PRIVADO	NC	OK	1050	-32.0598	-64.7804	6.2
IAA			INTENDENTE ALVEAR / AZCARATE IRASTORZA	Intendente Alvear	LA PAMPA	AD	PRIVADO	NC	OK	127	-35.1886	-63.6105	5.4
IAC	SASQ		LA QUIACA / DR. GUILLERMO EUGENIO SNOPEK	La Quiaca	JUJUY	AD	PUBLICO	NC	OK	3480	-22.162	-65.5721	10.3
IAL			INTENDENTE ALVEAR	Intendente Alvear	LA PAMPA	AD	PUBLICO	NC	OK	127	-35.2337	-63.5657	5.4
IBA			INÉS INDART / BELINGUERES AVIACIÓN	Salto	BUENOS AIRES	AD	PRIVADO	NC	OK	63	-34.2778	-60.5044	8.7
IBY			ISLAS DEL IBICUY	Islas de Ibicuy	ENTRE RÍOS	AD	PRIVADO	NC	SIN IDENTIFICACION VISUAL	6	-33.7439	-58.681	10.5
ICO			COMODORO RIVADAVIA / 13 DE DICIEMBRE	Comodoro Rivadavia	CHUBUT	AD	PUBLICO	NC	OK	52	-45.9042	-67.5589	-5.4
IGL			INGENIERO LUIGGI	Ingeniero Luiggi	LA PAMPA	AD	PUBLICO	NC	OK	193	-35.3555	-64.4753	4.5
IGU	SARI	IGR	CATARATAS DEL IGUAZÚ / MY. D. C. E. KRAUSE	Cataratas del Iguazú	MISIONES	AD	PUBLICO	C	OK	279	-25.7372	-54.4735	17.5
IJC	SAVJ	IGB	INGENIERO JACOBACCI / CABO F.A.A. H. R. BORDÓN	Ingeniero Jacobacci	RÍO NEGRO	AD	PUBLICO	NC	OK	892	-41.3211	-69.5761	-4.1
ILD			CASILDA	Casilda	SANTA FÉ	AD	PUBLICO	NC	OK	77	-33.0624	-61.2097	8.8
ILM	SADQ		ÁREA MATERIAL QUILMES	Quilmes	BUENOS AIRES	AD	PRIVADO	NC	OK	2	-34.7064	-58.2446	10.3
IRA	SAEM		MIRAMAR / AERÓDROMO JUAN DOMINGO PERÓN	Miramar	BUENOS AIRES	AD	PUBLICO	NC	OK	13	-38.2261	-57.8708	8.2
IRI	SATI		BERNARDO DE YRIGOYEN	Bernardo de Irigoyen	MISIONES	AD	PUBLICO	NC	OK	815	-26.2817	-53.6726	17.8
ITO	SANO		CHILECITO / BRIG. MY. JUAN FACUNDO QUIROGA	Chilecito	LA RIOJA	AD	PUBLICO	NC	OK	945	-29.2233	-67.4394	5.3
IVB			ISLA VERDE / D. HÉCTOR BIONDI	Isla Verde	CÓRDOBA	AD	PUBLICO	NC	OK	118	-33.2467	-62.4154	7.7
IVL			ISLA VERDE / BIONDI	Isla Verde	CÓRDOBA	AD	PRIVADO	NC	OK	119	-33.2232	-62.4046	7.7
JAH			JUNÍN DE LOS ANDES / HOSTERÍA SAN HUBERTO	Junín de los Andes	NEUQUÉN	AD	PRIVADO	NC	OK	691	-39.7039	-71.17	-4.5
JAR			JACINTO ARÁUZ	Jacinto Arauz	LA PAMPA	AD	PRIVADO	NC	OK	160	-38.066	-63.429	3.6
JBA			JUAN BAUTISTA ALBERDI	Juan Bautista Alberdi	BUENOS AIRES	AD	PRIVADO	NC		102	-34.4835	-61.9046	7.3
JCM			JUÁREZ CELMAN / BRIG. MY. JUAN IGNACIO SAN MARTÍN	Juárez Celman	CÓRDOBA	AD	PUBLICO	NC	OK	495	-31.2111	-64.1606	7.3
JDA			JARDÍN DE AMÉRICA	Jardín América	MISIONES	AD	PRIVADO	NC	OK	205	-27.0325	-55.1981	16.5
JES			JESÚS MARÍA	Jesús Maria	CÓRDOBA	AD	PUBLICO	NC	OK	530	-30.9883	-64.078	7.5
JGA			JOAQUÍN V. GONZÁLEZ / AGROPECUARIA RÍO JURAMENTO	Salta	SALTA	AD	PRIVADO	NC	OK	1184	-25.1866	-64.0814	10.4
JLA			JUNÍN DE LOS ANDES / SAN IGNACIO	Junín de los Andes	NEUQUÉN	AD	PRIVADO	NC	OK	691	-39.8456	-70.8654	-4.3
JMB			TRES LOMAS	Tres Lomas	BUENOS AIRES	AD	PRIVADO	NC	OK	116	-36.443	-62.8793	5.2
JOC			JOVITA / ANTARES	Jovita	CÓRDOBA	AD	PRIVADO	NC	OK	154	-34.5319	-63.9606	5.5
JOR			SAN JORGE	San Jorge	SANTA FÉ	AD	PUBLICO	NC	OK	106	-31.8828	-61.8433	9
JRZ	SAZJ		JUÁREZ	Benito Juárez	BUENOS AIRES	AD	PUBLICO	NC	OK	212	-37.7061	-59.7919	7
JSM	SAWS	JSM	JOSÉ DE SAN MARTÍN	José de San Martín	CHUBUT	AD	PUBLICO	NC	OK	734	-44.0472	-70.4464	-6.6
JUA	SANU	UAQ	SAN JUAN / DOMINGO FAUSTINO SARMIENTO	San Juan	SAN JUAN	AD	PUBLICO	C	OK	597	-31.5714	-68.4183	3.1
JUJ	SASJ	JUJ	JUJUY / GOBERNADOR GUZMÁN	San Salvador de Jujuy	JUJUY	AD	PUBLICO	C	OK	920	-24.3925	-65.0978	9.8
LAE			PUNTA ROJA / ESTANCIA LA ELBA	Camarones	CHUBUT	AD	PRIVADO	NC	OK	14	-44.5728	-65.3706	-2.7
LAM			GENERAL LA MADRID	General La Madrid	BUENOS AIRES	AD	PUBLICO	NC	OK	171	-37.2261	-61.2789	6.1
LAN			LANTERI	Lanteri	SANTA FÉ	AD	PRIVADO	NC	OK	56	-28.8575	-59.6728	12.4
LAR	SANL	IRJ	LA RIOJA / CAPITÁN VICENTE ALMANDOS ALMONACID	La Rioja	LA RIOJA	AD	PUBLICO	C	OK	438	-29.3806	-66.7958	5.9
LAU	SAET		TRENQUE LAUQUEN	Trenque Lauquen	BUENOS AIRES	AD	PUBLICO	NC	OK	99	-36.0158	-62.6939	5.6
LAZ			LA PAZ / AEROCLUB	La Paz	ENTRE RÍOS	AD	PRIVADO	NC	DESPLAZADO	61	-30.7437	-59.5689	11.5
LBI			LOBERÍA	Lobería	BUENOS AIRES	AD	PRIVADO	NC	OK	81	-38.1895	-58.7872	7.5
LCA			LOS CARDOS / GRACAGRO		SANTA FÉ	AD	PRIVADO	NC			-32.2715	-61.662	8.9
LCC			LA CARLOTA / CASAJUS	La Carlota	CÓRDOBA	AD	PRIVADO	NC	OK	143	-33.3882	-63.3055	6.8
LCP			LONCOPUÉ	Loncopué	NEUQUÉN	AD	PUBLICO	NC	OK	1106	-38.0818	-70.6441	-3
LCT			LA CARLOTA / AEROCLUB	La Carlota	CÓRDOBA	AD	PRIVADO	NC	SIN IDENTIFICACION VISUAL	154	-33.4576	-63.3137	6.7
LDA			LEZAMA / DON ALBERTO	Manuel J. Cobo	BUENOS AIRES	AD	PRIVADO	NC	SIN IDENTIFICACION VISUAL	8	-35.8697	-57.8767	9.8
LDG			LAGUNA DE GÓMEZ	Junín	BUENOS AIRES	AD	PUBLICO	NC	OK	80	-34.6547	-61.0091	8
LDR	SAOD	VDR	VILLA DOLORES	Cordoba	CÓRDOBA	AD	PUBLICO	NC	OK	563	-31.9475	-65.1475	5.9
LEN	SRDE		BELÉN DE ESCOBAR	Belén de Escobar	BUENOS AIRES	AD	PRIVADO	NC	OK	4	-34.2986	-58.7989	10.1
LGM	SAVM		SARMIENTO / LAGO MUSTERS	Sarmiento	CHUBUT	AD	PRIVADO	NC	OK	27	-45.5751	-69.0771	-6.5
LHP			LAS HERAS / LOS PERALES	Las Heras	SANTA CRUZ	AD	PRIVADO	NC	OK	426	-46.1919	-69.2869	-7
LIB	SARL	AOL	PASO DE LOS LIBRES	Paso de los Libres	CORRIENTES	AD	PUBLICO	C	OK	70	-29.6881	-57.1522	14
LIN			LINCOLN	Lincoln	BUENOS AIRES	AD	PUBLICO	NC	OK	85	-34.8908	-61.5314	7.4
LIO	SAZX		NUEVE DE JULIO	9 de Julio	BUENOS AIRES	AD	PUBLICO	NC	OK	75	-35.3994	-60.9333	7.6
LJH			LUJÁN / LAS HOJAS		BUENOS AIRES	AD		NC			-34.7091	-59.2242	9.5
LJN	SRDL		LUJÁN	Luján	BUENOS AIRES	AD	PRIVADO	NC	OK	25	-34.5506	-59.0792	9.7
LLA			LAS LAJITAS / AEROSOLUCIONES	Las Lajitas	SALTA	AD	PRIVADO	NC	OK	492	-24.7489	-64.235	10.4
LLC			LONGCHAMPS / LA CAÍDA	Longchamps	BUENOS AIRES	AD	PRIVADO	NC	OK	28	-34.8625	-58.3447	10.1
LLE			LIBERTAD / LA ESMERALDA	Libertad	CORRIENTES	AD	PRIVADO	NC	OK	81	-29.9951	-57.8383	13.3
LLJ			LAS LAJAS	Las Lajas	NEUQUÉN	AD	PUBLICO	NC	OK	850	-38.5383	-70.3367	-3
LMD			JUAN N. FERNÁNDEZ / LA MADRUGADA	Juan N. Fernández	BUENOS AIRES	AD	PRIVADO	NC	OK	137	-38.0085	-59.35	7.2
LMF			LOS MOLINOS / ESTABLECIMIENTO LA FLORENCIA	Los Molinos	SANTA FÉ	AD	PRIVADO	NC	OK	75	-33.0791	-61.3163	8.7
LNH			LAGO NAHUEL HUAPI	San Carlos de Bariloche	RÍO NEGRO	AD	PUBLICO	NC	OK	780	-41.0973	-71.1768	-5.4
LPB			COMANDANTE LUIS PIEDRABUENA	Comandante Luis Piedrabuena	SANTA CRUZ	AD	PRIVADO	NC	OK	24	-49.995	-68.9498	-9.2
LPP			LAS PALMAS / PETRUK	Las Palmas	CHACO	AD	PRIVADO	NC	OK	54	-27.0878	-58.6694	14
LPR	SAEK		LAPRIDA	Laprida	BUENOS AIRES	AD	PUBLICO	NC	OK	210	-37.5208	-60.7783	6.3
LRE			LA RAMADA DE ABAJO / DON EMILIO	La Ramada	TUCUMÁN	AD	PRIVADO	NC		530	-26.7329	-64.8846	9
LRS			LAS ROSAS	Las Rosas	SANTA FÉ	AD	PUBLICO	NC	OK	102	-32.4931	-61.5817	8.8
LRT			LAS ROSAS / HORIZONTE APLICACIONES AÉREAS	Las Rosas	SANTA FÉ	AD	PRIVADO	NC	OK	98	-32.5203	-61.5508	8.9
LVA			LAS VARAS / MACIAS	Las Varas	CÓRDOBA	AD	PRIVADO	NC	SIN IDENTIFICACION VISUAL	126	-31.8172	-62.6303	8.3
LVL			LAS VARILLAS	Las Varillas	CÓRDOBA	AD	PRIVADO	NC	OK	135	-31.8917	-62.7047	8.2
LYE	SAOL		LABOULAYE	Laboulaye	CÓRDOBA	AD	PUBLICO	NC	OK	137	-34.1354	-63.3624	6.3
LZA			LAGO LA ESPERANZA	Lago Puelo	CHUBUT	AD	PRIVADO	NC	DESPLAZADO	560	-42.2171	-71.8052	-6.7
MAB			MAGGIOLO / SAMAVE	Maggiolo	SANTA FÉ	AD	PRIVADO	NC		109	-33.7864	-62.1279	7.6
MAC			MACACHÍN	Macachín	LA PAMPA	AD	PRIVADO	NC	OK	140	-37.1458	-63.6789	4
MAD			GENERAL MADARIAGA	General Juan Madariaga	BUENOS AIRES	AD	PUBLICO	NC	OK	7	-37.0386	-57.1364	9.6
MAI			MONTE MAÍZ	Monte Maiz	CÓRDOBA	AD	PUBLICO	NC	OK	113	-33.2111	-62.6311	7.5
MAO			VEINTICINCO DE MAYO	25 de Mayo	LA PAMPA	AD	PRIVADO	NC	OK	347	-37.8097	-67.6594	-0.1
MAQ	SAVQ	MQD	MAQUINCHAO	Maquinchao	RÍO NEGRO	AD	PUBLICO	NC	OK	880	-41.2429	-68.7083	-3.3
MAT	SADZ		MATANZA	La Matanza	BUENOS AIRES	AD	PUBLICO	NC	OK	3	-34.7283	-58.5006	10.1
MAY			25 DE MAYO	25 de Mayo	BUENOS AIRES	AD	PRIVADO	NC	OK	89	-35.4464	-60.0886	8.3
MBF	SROM		MONTE BUEY / PEDRO FERRARI	Monte Buey	CÓRDOBA	AD	PUBLICO	NC	OK	108	-32.9317	-62.4347	7.8
MBI	SAWB		VICECOMODORO MARAMBIO – (MBI / SAWB) - DRSU - PÚBLICO CONTROLADO	Isla Marambio. Mar de Weddell	TIERRA DEL FUEGO ANTÁRTIDA E ISLAS DEL ATLÁNTICO SUR	AD	PUBLICO	C		209	-64.2391	-56.6309	-10.3
MBL			MIRAMAR / BELLAMAR	Miramar	BUENOS AIRES	AD	PRIVADO	NC	OK	13	-38.3856	-58.1335	7.9
MCL			MINA CLAVERO	Mina Clavero	CÓRDOBA	AD	PUBLICO	NC	OK	970	-31.7303	-64.9878	6.2
MCO			LOS MENUCOS	Los Menucos	RÍO NEGRO	AD	PUBLICO	NC	OK	784	-40.816	-68.072	-2.5
MCP			MONTE CASEROS / EL PILINCHO	Monte Caseros	CORRIENTES	AD	PRIVADO	NC	OK	71	-30.3872	-57.9683	13
MCS	SARM	MCS	MONTE CASEROS	Monte Caseros	CORRIENTES	AD	PUBLICO	NC	OK	52	-30.2703	-57.6394	13.3
MCT			MONTE CASEROS / TIMBOY	Monte Caseros	CORRIENTES	AD	PRIVADO	NC	OK	65	-30.2352	-57.8457	13.2
MDB			MAR DEL PLATA / BATÁN	Batán	BUENOS AIRES	AD	PUBLICO	NC	OK	62	-38.0117	-57.6775	8.5
MDP	SAZM	MDQ	MAR DEL PLATA / ASTOR PIAZZOLLA	Mar del Plata	BUENOS AIRES	AD	PUBLICO	C	OK	22	-37.9342	-57.5733	8.7
MEA			MAIPÚ / ESTABLECIMIENTO EL ARAZA	Estación Santo Domingo	BUENOS AIRES	AD	PRIVADO	NC	OK	93	-36.7758	-57.6428	9.4
MER	SADR		MERLO	Merlo	BUENOS AIRES	AD	PRIVADO	NC	OK	15	-34.6764	-58.7439	9.9
MEZ			CÓRDOBA / LA MEZQUITA	La Mezquita	CÓRDOBA	AD	PRIVADO	NC	OK	510	-31.401	-64.3003	7
MGI	SAAK		ISLA MARTÍN GARCÍA	Isla Martín Garcia	BUENOS AIRES	AD	PUBLICO	NC	OK	2	-34.1822	-58.2469	10.6
MIN			VILLA MINETTI	Villa Minetti	SANTA FÉ	AD	PRIVADO	NC	OK	75	-28.619	-61.6036	10.9
MJZ	SAOM		MARCOS JUÁREZ	Marcos Juarez	CÓRDOBA	AD	PUBLICO	NC	OK	110	-32.684	-62.1577	8.2
MLA			MALABRIGO	Malabrigo	SANTA FÉ	AD	PRIVADO	NC	OK	54	-29.3672	-59.9781	11.9
MLD			CORONEL MOLDES	Coronel Moldes	CÓRDOBA	AD	PUBLICO	NC	OK	357	-33.6174	-64.617	5.4
MLE	SROL		MONTE LEÑA / DON ESTEBAN		CÓRDOBA	AD	PRIVADO	NC			-32.5862	-62.6319	7.9
MLG	SAMM	LGS	MALARGÜE / COMODORO D. R. SALOMÓN	Malargüe	MENDOZA	AD	PUBLICO	C	OK	1424	-35.4953	-69.5731	-0.4
MOI			CORRALITO / DON MOISÉS	Corralito	CÓRDOBA	AD	PRIVADO	NC	OK	489	-32.0356	-64.1911	6.8
MON			MONJE / FUMIGACIONES GONZÁLEZ	Monje	SANTA FÉ	AD	PRIVADO	NC	OK	30	-32.3589	-60.9797	9.4
MOR	SADM		MORÓN	Morón	BUENOS AIRES	AD	PUBLICO	C	OK	29	-34.6792	-58.6436	10
MPH			MAR DEL PLATA / PARQUE HERMOSO	Parque Hermoso	BUENOS AIRES	AD	PRIVADO	NC	OK	35	-38.0283	-57.6397	8.5
MPP			MAR DEL PLATA / CLUB DE PLANEADORES	Mar del Plata	BUENOS AIRES	AD	PUBLICO	NC	OK	45	-38.0153	-57.6536	8.5
MPU			MAIPÚ	Maipú	BUENOS AIRES	AD	PUBLICO	NC	OK	16	-36.8889	-57.8517	9.2
MRD			MERCEDES	Mercedes	BUENOS AIRES	AD	PUBLICO	NC	OK	42	-34.6389	-59.4553	9.3
MSA			25 DE MAYO / SERVICIO AGROAEREOS	25 de Mayo	BUENOS AIRES	AD	PRIVADO	NC	OK	50	-35.4493	-60.1609	8.2
MSP			MARCOS PAZ / DI NARDO	Marcos Paz	BUENOS AIRES	AD	PRIVADO	NC	OK	28	-34.7976	-58.8969	9.7
MSR			MERCEDES / EA. SANTA ROMANA	Villa Reynolds	SAN LUIS	AD	PRIVADO	NC	OK	472	-33.7468	-65.2455	4.8
MTN			METÁN	Metán	SALTA	AD	PRIVADO	NC	OK	843	-25.5142	-64.9656	9.5
MTR			MORTEROS	Morteros	CÓRDOBA	AD	PUBLICO	NC	OK	94	-30.6759	-62.0259	9.5
MUQ			QUEMÚ QUEMÚ	Quemú Quemú	LA PAMPA	AD	PUBLICO	NC	OK	0	-36.0575	-63.6314	4.8
MUS			CHASCOMÚS	Chascomús	BUENOS AIRES	AD	PUBLICO	NC	OK	10	-35.5422	-58.0519	9.9
NAN			HERNANDO / AEROCLUB	Hernando	CÓRDOBA	AD	PRIVADO	NC	OK	282	-32.3403	-63.6858	7.1
NDL			TANDIL / AEROCLUB	Tandil	BUENOS AIRES	AD	PUBLICO	NC	OK	165	-37.2631	-59.0936	7.9
NDR			NORBERTO DE LA RIESTRA	Norberto de la Riestra	BUENOS AIRES	AD	PRIVADO	NC		38	-35.3276	-59.7911	8.6
NEC	SAZO	NEC	NECOCHEA	Necochea	BUENOS AIRES	AD	PUBLICO	NC	OK	22	-38.4895	-58.8163	7.3
NEI			NECOCHEA / IRIBERRI	Necochea	BUENOS AIRES	AD	PRIVADO	NC	OK	33	-38.4788	-58.8045	7.3
NEU	SAZN	NQN	NEUQUÉN / PRESIDENTE PERÓN	Neuquén	NEUQUÉN	AD	PUBLICO	C	OK	273	-38.9489	-68.1558	-1.3
NIN	SAAJ	JNI	JUNÍN	Junín	BUENOS AIRES	AD	PUBLICO	NC	OK	80	-34.5459	-60.9305	8.2
NJB			NOGOYÁ / JUAN CARLOS BAGUR	Nogoyá	ENTRE RÍOS	AD	PRIVADO	NC	OK	58	-32.4186	-59.8158	10.4
NOG			NOGOYÁ	Nogoyá	ENTRE RÍOS	AD	PRIVADO	NC	OK	43	-32.3994	-59.7506	10.5
NOT			NOGOYÁ / TOGNOLI	Nogoyá	ENTRE RÍOS	AD	PRIVADO	NC	SIN IDENTIFICACION VISUAL	60	-32.4474	-59.8661	10.3
NPA			NECOCHEA / PULVERIZACIONES AEROSUR	Necochea	BUENOS AIRES	AD	PRIVADO	NC	OK	15	-38.5753	-58.795	7.2
NVR			NAVARRO	Navarro	BUENOS AIRES	AD	PUBLICO	NC	OK	30	-35.0236	-59.2858	9.2
OBE	SATO		OBERÁ	Oberá	MISIONES	AD	PRIVADO	NC	OK	343	-27.5181	-55.1242	16.4
OCA			MONTES DE OCA	Montes de Oca	SANTA FÉ	AD	PRIVADO	NC	OK	19	-32.5842	-61.8417	8.6
OEL			CHOELE CHOEL	Choele Choel	RÍO NEGRO	AD	PUBLICO	NC	OK	196	-39.2864	-65.61	0.8
OGB			CORONEL BOGADO / AEROFUMIGACIONES DON ALEJANDRO	Coronel Bogado	SANTA FÉ	AD	PRIVADO	NC	OK	52	-33.3061	-60.6561	9.2
OLA	SAZF	OVR	OLAVARRÍA	Olavarría	BUENOS AIRES	AD	PUBLICO	NC	OK	168	-36.8889	-60.2278	7.2
OLV			OLIVA	Oliva	CÓRDOBA	AD	PUBLICO	NC	OK	268	-32.0603	-63.548	7.3
ORA	SASO	ORA	ORÁN	San Ramón de la Nueva Orán	SALTA	AD	PUBLICO	NC	OK	357	-23.1522	-64.3288	11
OSA	SAZR	RSA	SANTA ROSA	Santa Rosa	LA PAMPA	AD	PUBLICO	C	OK	192	-36.5883	-64.2758	3.8
OVJ			LAS OVEJAS	Las Ovejas	NEUQUÉN	AD	PUBLICO	NC	CERRADO	1200	-36.9992	-70.7422	-2.4
PAL	SADP	EPA	EL PALOMAR	El Palomar	BUENOS AIRES	AD	PUBLICO	C	OK	18	-34.61	-58.6125	10.1
PAN			PASCANAS / EL RECUERDO S.R.L.	Pascanas	CÓRDOBA	AD	PRIVADO	NC	OK	138	-33.1055	-63.193	7
PAR	SAAP	PRA	PARANÁ / AEROPUERTO GENERAL JUSTO JOSÉ DE URQUIZA	Paraná	ENTRE RÍOS	AD	PUBLICO	C	OK	74	-31.7947	-60.4803	10.2
PAS			PASTEUR / LAS LILAS	Pasteur	BUENOS AIRES	AD	PRIVADO	NC	OK	107	-35.1096	-62.2176	6.7
PAT			CARMEN DE PATAGONES	Carmen de Patagones	BUENOS AIRES	AD	PUBLICO	NC	OK	40	-40.7781	-62.9803	2.1
PBE			POBLET	Poblet	BUENOS AIRES	AD	PUBLICO	NC	OK	20	-35.0879	-57.9492	10.3
PBO			POSADAS / BONETTI	Parada Leis	MISIONES	AD	PRIVADO	NC	OK	141	-27.6068	-55.865	15.9
PCA			PIQUETE CABADO / SAS AEROAPLICACIONES	Piquete Cabado	SALTA	AD	PRIVADO	NC	OK	457	-24.8067	-64.1811	10.5
PDA			JUJUY / PUERTA DE AVALOS	San Salvador de Jujuy	JUJUY	AD	PUBLICO	NC	OK	1190	-24.3147	-65.2473	9.7
PDI	SAAI		PUNTA INDIO / BASE AERONAVAL PUNTA INDIO		BUENOS AIRES	AD	PUBLICO	NC			-35.3453	-57.2756	10.7
PDP			PRESIDENCIA ROCA / ESTANCIA DON PANOS	Presidencia Roca	CHACO	AD	PRIVADO	NC	OK	80	-26.2959	-59.5354	13.7
PED	SRAP		SAN PEDRO	San Pedro	BUENOS AIRES	AD	PUBLICO	NC	OK	27	-33.7033	-59.7253	9.7
PEH	SAZP	PEH	PEHUAJÓ / COM. PEDRO ZANNI	Pehuajó	BUENOS AIRES	AD	PUBLICO	NC	OK	85	-35.8445	-61.8575	6.5
PEL			LA PELADA	La Pelada	SANTA FÉ	AD	PRIVADO	NC	OK	44	-30.9609	-60.887	10.3
PEN			PERGAMINO / LA NORIA	Pergamino	BUENOS AIRES	AD	PRIVADO	NC	OK	74	-33.8569	-60.7004	8.8
PEP			RICARDONE / PETTILEP II	Ricardone	SANTA FÉ	AD	PRIVADO	NC	OK	55	-32.8039	-60.7989	9.3
PER	SAAN		PERGAMINO	Pergamino	BUENOS AIRES	AD	PUBLICO	NC	OK	72	-33.9203	-60.6481	8.8
PIG	SAZE		PIGÜÉ	Pigüé	BUENOS AIRES	AD	PUBLICO	NC	OK	312	-37.6061	-62.3819	4.8
PJO			PEHUAJÓ / LA MARIELA	Pehuajó	BUENOS AIRES	AD	PRIVADO	NC	OK	86	-35.7906	-61.9419	6.5
PLC			PIÑERO / EA. LA CAROLINA	Piñero	SANTA FÉ	AD	PRIVADO	NC	OK	30	-33.0756	-60.715	9.2
PLG			PELLEGRINI	Pellegrini	BUENOS AIRES	AD	PUBLICO	NC	OK	113	-36.2787	-63.1469	5.1
PLL			PUJATO / LA LUCÍA	Pujato	SANTA FÉ	AD	PRIVADO	NC	OK	73	-33.0093	-61.0629	9
PLS			PIRANÉ / ESTANCIA LA SALVACIÓN	Pirané	FORMOSA	AD	PRIVADO	NC	OK	98	-25.281	-58.9378	14.6
PLT			PUNTA ALTA	Punta Alta	BUENOS AIRES	AD	PUBLICO	NC	OK	3	-38.8342	-62.0872	4.2
PNA			PARANÁ / CLUB DE PLANEADORES	Paraná	ENTRE RÍOS	AD	PRIVADO	NC	OK	46	-31.7308	-60.22	10.5
PNR			PINAMAR	Pinamar	BUENOS AIRES	AD	PUBLICO	NC	OK	9	-37.0964	-56.9742	9.7
PNT			GENERAL PINTO	General Pinto	BUENOS AIRES	AD	PUBLICO	NC	OK	97	-34.7859	-61.9141	7.1
POS	SARP	PSS	POSADAS / LIBERTADOR GRAL. D. J. DE SAN MARTÍN	Posadas	MISIONES	AD	PUBLICO	C	OK	131	-27.3857	-55.9705	15.9
PRA			PRESIDENCIA ROCA / EA. LA LEONOR	Presidencia Roca	CHACO	AD	PRIVADO	NC	OK	87	-26.1377	-59.6638	13.7
PRC			HUNTER / FUMIGACIONES FREDY	Hunter	BUENOS AIRES	AD	PRIVADO	NC	OK	53	-34.2361	-60.5819	8.6
PRI	SABP		CORONEL PRINGLES	Coronel Pringles	BUENOS AIRES	AD	PUBLICO	NC	OK	247	-38.0067	-61.3319	5.5
PSA			PIGÜÉ / SERVICIOS AERONÁUTICOS – (PSA) - DRCE - PÚBLICO NO CONTROLADO	Pigüé	BUENOS AIRES	AD	PRIVADO	NC		247	-37.523	-62.4523	4.8
PSP	SARS	PRQ	PRESIDENCIA ROQUE SÁENZ PEÑA / PRIMER TENIENTE JORGE EDUARDO CASCO	Presidencia Roque Saenz Peña	CHACO	AD	PUBLICO	NC	OK	94	-26.7556	-60.4933	12.7
PST			PUERTO SAN MARTÍN / TERMINAL 6	Puerto General San Martín	SANTA FÉ	AD	PRIVADO	NC	OK	0	-32.6416	-60.7534	9.5
PSV			PRESIDENCIA ROQUE SÁENZ PEÑA / ROVERE	Presidencia Roque Saenz Peña	CHACO	AD	PRIVADO	NC	OK	0	-26.7831	-60.4874	12.7
PTA	SADL	LPG	LA PLATA	La Plata	BUENOS AIRES	AD	PUBLICO	NC	OK	22	-34.9692	-57.8931	10.4
PTL			ENSENADA	La Plata	BUENOS AIRES	AD	PUBLICO	NC	OK	6	-34.8744	-57.9614	10.4
PTM	SAWP	PMQ	PERITO MORENO - JALIL HAMER (PTM / SAWP) - DRSU - PÚBLICO NO CONTROLADO	Perito Moreno	SANTA CRUZ	AD	PUBLICO	NC	OK	430	-46.5384	-70.9788	-8.6
PUA			PUÁN	Puan	BUENOS AIRES	AD	PUBLICO	NC	OK	240	-37.5394	-62.7344	4.6
PUP			PUJATO / PETTILEP	Pujato	SANTA FÉ	AD	PRIVADO	NC	OK	61	-33.0077	-61.0177	9
RAE			RIVADAVIA / AEROTEC	Rivadavia	MENDOZA	AD	PRIVADO	NC	OK	665	-33.2068	-68.4924	2.1
RAI			RANCHOS / LA IGUALDAD	Ranchos	BUENOS AIRES	AD	PRIVADO	NC	OK	18	-35.5686	-58.4403	9.6
RAT			SALAR RATONES		SALTA	AD		NC			-24.9952	-66.7443	8.1
RAU			RAUCH	Rauch	BUENOS AIRES	AD	PUBLICO	NC	OK	94	-36.7719	-59.0577	8.3
RAW			RAWSON	Rawson	CHUBUT	AD	PUBLICO	NC	OK	11	-43.2939	-65.0632	-1.5
RBS			RUFINO / BSG	Rufino	SANTA FÉ	AD	PRIVADO	NC	OK	120	-34.2493	-62.6741	6.8
RCE	SATM		MERCEDES	Mercedes	CORRIENTES	AD	PUBLICO	NC	OK	106	-29.2222	-58.0881	13.5
RCR			RÍO TERCERO	Río Tercero	CÓRDOBA	AD	PUBLICO	NC	OK	380	-32.1728	-64.0883	6.8
RCV			RÍO COLORADO / VALE	Rincón de los Sauces	MENDOZA	AD	PRIVADO	NC	OK	930	-37.0656	-69.3956	-1.2
RDJ			RICARDONE / DON JOSÉ	Ricardone	SANTA FÉ	AD	PRIVADO	NC	OK	25	-32.8277	-60.7817	9.3
RES			RESISTENCIA / AEROCLUB CHACO	Resistencia	CHACO	AD	PUBLICO	NC	OK	50	-27.6311	-59.1797	13.4
RGR			RÍO GALLEGOS / RÍO CHICO	Río Chico	SANTA CRUZ	AD	PRIVADO	NC	OK	21	-51.6686	-69.2603	-10.4
RIE			RÍO CUARTO / ESTINDHER	Río Cuarto	CÓRDOBA	AD	PRIVADO	NC	OK	0	-33.0929	-64.4293	5.9
RIN	SAHS	RDS	RINCÓN DE LOS SAUCES	Rincón de los Sauces	NEUQUÉN	AD	PRIVADO	NC	OK	600	-37.3903	-68.9044	-1
RJA			ROJAS	Rojas	BUENOS AIRES	AD	PUBLICO	NC	OK	6	-34.2153	-60.6733	8.6
RLA	SAFR		RAFAELA	Rafaela	SANTA FÉ	AD	PUBLICO	NC	OK	99	-31.2825	-61.5017	9.6
RLC			REALICÓ	Realicó	LA PAMPA	AD	PUBLICO	NC	OK	165	-35.0589	-64.2128	4.9
RLI			ROLDÁN / LA ILUSIÓN (RLI) - DRCE - PRIVADO NO CONTROLADO		SANTA FÉ	AD		NC			-32.9314	-60.9294	9.1
RMY	SAWM	ROY	RÍO MAYO	Río Mayo	CHUBUT	AD	PUBLICO	NC	OK	544	-45.7039	-70.2444	-7.5
ROB			ROBERTS / AGROAEREO	Roberts	BUENOS AIRES	AD	PRIVADO	NC	OK	99	-35.1359	-61.9972	6.8
ROH			ROBERTS / FUMIGACIONES HERBINSEC	Roberts	BUENOS AIRES	AD	PRIVADO	NC	OK	102	-35.1365	-61.9903	6.8
ROP			ROSARIO / PUEBLO ESTHER	Pueblo Esther	SANTA FÉ	AD	PUBLICO	NC	OK	25	-33.0817	-60.5647	9.4
ROS	SAAR	ROS	ROSARIO / ISLAS MALVINAS	Rosario	SANTA FÉ	AD	PUBLICO	C	OK	26	-32.9036	-60.7844	9.3
ROT			ROSARIO DEL TALA	Rosario del Tala	ENTRE RÍOS	AD	PRIVADO	NC	OK	54	-32.3295	-59.1915	11
RST			CAÑADA ROSQUÍN / STIEFEL	Cañada Rosquín	SANTA FÉ	AD	PRIVADO	NC	OK	71	-31.9947	-61.6028	9.1
RTA	SATR	RCQ	RECONQUISTA	Reconquista	SANTA FÉ	AD	PUBLICO	C	OK	49	-29.2103	-59.68	12.3
RTC			GENERAL ACHA / ROBERTO TRAPPA		LA PAMPA	AD	PRIVADO	NC			-37.5416	-64.7138	2.8
RUF			RUFINO	Rufino	SANTA FÉ	AD	PUBLICO	NC	OK	114	-34.2828	-62.6675	6.8
RVA			AMÉRICA	América	BUENOS AIRES	AD	PUBLICO	NC	OK	106	-35.5019	-62.99	5.7
RVD			RIVADAVIA	Rivadavia	MENDOZA	AD	PUBLICO	NC	OK	659	-33.2283	-68.4741	2.1
RYD	SAOR	VME	VILLA REYNOLDS	Villa Mercedes	SAN LUIS	AD	PUBLICO	C	OK	485	-33.7318	-65.3758	4.7
SAB			SALADILLO / ABELENDA	Saladillo	BUENOS AIRES	AD	PRIVADO	NC		39	-35.7385	-59.762	8.4
SAF			SAFORCADA / PARAJON	Saforcada	BUENOS AIRES	AD	PRIVADO	NC		84	-34.5764	-61.0057	8.1
SAL	SASA	SLA	SALTA / GENERAL D. MARTÍN MIGUEL DE GÜEMES	Salta	SALTA	AD	PUBLICO	C	OK	1246	-24.8597	-65.4869	9.3
SAN	SAVN	OES	SAN ANTONIO OESTE / ANTOINE DE SAINT EXUPERY	San Antonio Oeste	RÍO NEGRO	AD	PUBLICO	NC	OK	26	-40.7506	-65.0353	0.3
SBE			SAN BENITO	San Benito	ENTRE RÍOS	AD	PRIVADO	NC	OK	59	-31.8086	-60.4517	10.2
SCA	SAFS	NCJ	SUNCHALES / Comandante Hilario Alcides VALINOTTI	Sunchales	SANTA FÉ	AD	PUBLICO	NC	OK	91	-30.9572	-61.5289	9.8
SCF			SANFORD / CASILDA FUMIGACIONES	Casilda	SANTA FÉ	AD	PRIVADO	NC	OK	79	-33.1763	-61.2027	8.8
SCL			SANTA CLARA DE SAGUIER	Santa Clara de Saguier	SANTA FÉ	AD	PRIVADO	NC	OK	105	-31.3555	-61.8298	9.3
SCT			SAN CRISTÓBAL	San Cristóbal	SANTA FÉ	AD	PRIVADO	NC	OK	74	-30.2642	-61.22	10.4
SCZ	SAWU	RZA	SANTA CRUZ	Puerto Santa Cruz	SANTA CRUZ	AD	PUBLICO	NC	OK	111	-50.0178	-68.5803	-8.9
SDE	SANE	SDE	SANTIAGO DEL ESTERO / VCOM. ÁNGEL D. LA PAZ ARAGONÉS	Santiago del Estero	SANTIAGO DEL ESTERO	AD	PUBLICO	C	OK	200	-27.7656	-64.31	9
SDL			SALADILLO	Saladillo	BUENOS AIRES	AD	PUBLICO	NC	OK	45	-35.6044	-59.8168	8.4
SEN			CORONEL BRANDSEN	Coronel Brandsen	BUENOS AIRES	AD	PRIVADO	NC	OK	16	-35.1817	-58.2952	9.9
SEZ			GENERAL PINTO / ALFREDO SÁNCHEZ	General Pinto	BUENOS AIRES	AD	PRIVADO	NC	SIN IDENTIFICACION VISUAL	100	-34.8014	-61.8696	7.2
SFN			SELVA NUEVA / FUMIGACIONES NANDO S.H.	Selva	SANTIAGO DEL ESTERO	AD	PRIVADO	NC	OK	86	-29.7791	-62.0311	10
SGE			SAN GREGORIO	San Gregorio	SANTA FÉ	AD	PRIVADO	NC	OK	106	-34.3169	-62.0192	7.3
SGI			TRES ARROYOS / SANTAGIULIAN	Tres Arroyos	BUENOS AIRES	AD	PRIVADO	NC	OK	104	-38.4083	-60.3011	6.1
SGR	SAVS	SGV	SIERRA GRANDE	Sierra Grande	RÍO NEGRO	AD	PUBLICO	NC	OK	210	-41.5914	-65.3399	-0.6
SGV			SAN GUILLERMO / VERGNANO	San Guillermo	SANTA FÉ	AD	PRIVADO	NC	OK	96	-30.3167	-61.9008	9.8
SIS	SARE	RES	RESISTENCIA	Resistencia	CHACO	AD	PUBLICO	C	OK	53	-27.45	-59.0561	13.6
SJA			SAN JUAN / AEROCLUB	San Juan	SAN JUAN	AD	PUBLICO	NC	OK	634	-31.6031	-68.5472	3
SJB			SAN JORGE / BOCCA	San Jorge	SANTA FÉ	AD	PRIVADO	NC	OK	105	-31.8711	-61.9511	8.9
SJD			SAN JOSÉ DE LA DORMIDA	San José de la Dormida	CÓRDOBA	AD	PRIVADO	NC	OK	423	-30.2742	-63.8575	8.1
SJF			SAN JOSÉ DE FELICIANO / TRES VERTIENTES		ENTRE RÍOS	AD		NC			-30.5694	-58.5025	12.5
SJR			SAN JAVIER / AEROCLUB	San Javier	SANTA FÉ	AD	PRIVADO	NC	OK	23	-30.5559	-59.9907	11.3
SJT			SAN JUSTO / SANTA FE	San Justo	SANTA FÉ	AD	PRIVADO	NC	OK	55	-30.7661	-60.5672	10.7
SJU	SAWJ	ULA	SAN JULIÁN / CAPITAN D. DANIEL VÁZQUEZ	Puerto San Julián	SANTA CRUZ	AD	PUBLICO	NC	OK	62	-49.3067	-67.8028	-7.9
SLA			SAN LORENZO / AEROCLUB (SLA) - DRCE - PRIVADO NO CONTROLADO		SANTA FÉ	AD		NC			-32.7175	-60.7842	9.4
SLG			SALDUNGARAY	Saldungaray	BUENOS AIRES	AD	PRIVADO	NC	OK	228	-38.2052	-61.7612	5
SLO			SALLIQUELÓ	Salliqueló	BUENOS AIRES	AD	PUBLICO	NC	OK	127	-36.7566	-62.9441	4.9
SLP			SANTA ROSA / SAN ALBERTO	Santa Rosa	LA PAMPA	AD	PRIVADO	NC	OK	186	-36.5921	-64.2204	3.9
SLT			SALTO	Salto	BUENOS AIRES	AD	PUBLICO	NC	OK	59	-34.3065	-60.2868	8.9
SLV			EMBARCACIÓN / SALVITA	Embarcación	SALTA	AD	PRIVADO	NC	OK	283	-23.2131	-64.034	11.2
SLY			SALDUNGARAY / SANTO TOMÁS DE LA SIERRA	Saldungaray	BUENOS AIRES	AD	PRIVADO	NC	OK	273	-38.2417	-61.8277	4.9
SLZ			SALAZAR / EO. EL TRIÁNGULO	Salazar	BUENOS AIRES	AD	PRIVADO	NC	OK	104	-36.3503	-62.2269	5.8
SMC			SANTA MARÍA	Santa María	CATAMARCA	AD	PRIVADO	NC	OK	1800	-26.6739	-66.0248	8
SMM			SAN MIGUEL DEL MONTE / BAHÍA AGRADABLE	San Miguel del Monte	BUENOS AIRES	AD	PUBLICO	NC	OK	24	-35.4594	-58.7639	9.4
SMS			SAN MARCOS / CHIALVA S. H.	Bell Ville	CÓRDOBA	AD	PRIVADO	NC	OK	115	-32.7367	-62.5311	7.9
SMT			GENERAL SAN MARTÍN	General San Martín	LA PAMPA	AD	PRIVADO	NC	OK	161	-37.9593	-63.5911	3.5
SNT	SAAA		SAN ANTONIO DE ARECO	San Antonio de Areco	BUENOS AIRES	AD	PUBLICO	NC	OK	30	-34.2198	-59.4391	9.6
SNY			SAN NICOLÁS DE LOS ARROYOS	San Nicolás de los Arroyos	BUENOS AIRES	AD	PUBLICO	NC	OK	30	-33.3908	-60.1956	9.5
SQI			CAÑADA ROSQUÍN	Cañada Rosquín	SANTA FÉ	AD	PRIVADO	NC	OK	67	-32.1056	-61.6135	9
SRA	SAMR	AFA	SAN RAFAEL / S. A. SANTIAGO GERMANO	San Rafael	MENDOZA	AD	PUBLICO	C	OK	753	-34.5878	-68.4036	1.3
SRC	SAOS	RLO	VALLE DEL CONLARA	Santa Rosa del Conlara	SAN LUIS	AD	PUBLICO	C	OK	616	-32.3847	-65.1858	5.7
SRE			SANTA REGINA / FORTÍN DE GAINZA	Santa Regina	BUENOS AIRES	AD	PRIVADO	NC	OK	130	-34.5466	-63.1245	6.2
SRI			SALAR RINCÓN – (SRI) - DRNO – PRIVADO (STOL) NO CONTROLADO [### PERMISO PROVISORIO DE OPERACIÓN (PPO) ###]	Santa Regina	BUENOS AIRES	AD	PRIVADO	NC	OK	130	-34.5466	-63.1245	6.2
SRM			SARMIENTO	Sarmiento	CHUBUT	AD	PRIVADO	NC	OK	270	-45.5831	-69.0011	-6.4
SSK			SALTO / SKARE	Est. Gahan	BUENOS AIRES	AD	PUBLICO	NC	DESPLAZADO	60	-34.3568	-60.156	8.9
SSR			SALADILLO / SANTA RITA	Saladillo	BUENOS AIRES	AD	PRIVADO	NC	CERRADO	54	-35.8283	-60.1467	8
STD			STROEDER	Stroeder	BUENOS AIRES	AD	PUBLICO	NC	OK	28	-40.2104	-62.6175	2.8
STI	SAMI		SAN MARTÍN	San Martín	MENDOZA	AD	PUBLICO	NC	OK	696	-33.0622	-68.5094	2.1
STR	SAZL	SST	SANTA TERESITA	Santa Teresita	BUENOS AIRES	AD	PUBLICO	NC	OK	3	-36.5422	-56.7214	10.3
SUZ	SAZC	CSZ	CORONEL SUÁREZ / BRIG. D. H. E. RUIZ	Coronel Suárez	BUENOS AIRES	AD	PUBLICO	NC	OK	234	-37.4461	-61.8893	5.4
SVO	SAAV	SFN	SANTA FE / SAUCE VIEJO	Santa Fé	SANTA FÉ	AD	PUBLICO	C	OK	17	-31.7108	-60.8114	10
TAR	SAST	TTG	TARTAGAL / GENERAL E. MOSCONI	Tartagal	SALTA	AD	PUBLICO	NC	OK	449	-22.6183	-63.7931	11.7
TBL			EL TRÉBOL / BURDISSO	El Trebol	SANTA FÉ	AD	PRIVADO	NC	OK	111	-32.2438	-61.7591	8.8
TCM	SRNH		TUCUMÁN / AEROCLUB HORCO MOLLE	San Miguel de Tucumán	TUCUMÁN	AD	PUBLICO	NC	OK	580	-26.7961	-65.3094	8.6
TDB			EL TRÉBOL / DE BERNARDO	El Trébol	SANTA FÉ	AD	PRIVADO	NC	OK	87	-32.2506	-61.6517	8.9
TEC			ESTANCIA TECKA	Estancia Tecka	CHUBUT	AD	PRIVADO	NC	OK	720	-43.6122	-71.0219	-6.9
TEJ			CARLOS TEJEDOR	Carlos Tejedor	BUENOS AIRES	AD	PUBLICO	NC	OK	94	-35.4253	-62.4694	6.2
TEO			TEODELINA / F.A.T.	Teodelina	SANTA FÉ	AD	PRIVADO	NC	OK	87	-34.1767	-61.5069	7.9
TEV			TINTINA / ESTABLECIMIENTO EL 21	Tintina	SANTIAGO DEL ESTERO	AD	PRIVADO	NC		68	-26.8953	-62.3097	11.2
THN	SAWL		TOLHUIN	Tolhuin	TIERRA DEL FUEGO ANTÁRTIDA E ISLAS DEL ATLÁNTICO SUR	AD	PRIVADO	NC	OK	213	-54.4996	-67.1723	-10.7
TIN	SANI		TINOGASTA	Tinogasta	CATAMARCA	AD	PRIVADO	NC	OK	1210	-28.0409	-67.5776	5.8
TIO			TÍO PUJIO	Tío Pújio	CÓRDOBA	AD	PRIVADO	NC	ICO	237	-32.2931	-63.4019	7.3
TLM			SAN LUIS / TRES LOMAS		SAN LUIS	AD		NC			-33.3336	-66.2331	4.1
TLS			TILISARAO	Tilisarao	SAN LUIS	AD	PUBLICO	NC	OK	751	-32.7523	-65.2816	5.3
TOR			TORNQUIST	Tornquist	BUENOS AIRES	AD	PRIVADO	NC	OK	285	-38.095	-62.2494	4.6
TOS			TOSTADO	Tostado	SANTA FÉ	AD	PUBLICO	NC	OK	69	-29.2355	-61.7884	10.5
TQL			TRENQUE LAUQUEN / ÑANCO LAUQUEN	Trenque Lauquen	BUENOS AIRES	AD	PUBLICO	NC	OK	92	-35.9703	-62.7719	5.6
TRC	SAOC	RCU	RÍO CUARTO / ÁREA DE MATERIAL	Río Cuarto	CÓRDOBA	AD	PUBLICO	C	OK	421	-33.0922	-64.2693	6.1
TRE	SAVT	REL	TRELEW / ALMIRANTE ZAR	Trelew	CHUBUT	AD	PUBLICO	C	OK	43	-43.2106	-65.2703	-1.6
TRH	SANR	RHD	TERMAS DE RÍO HONDO	Termas de Río Hondo	SANTIAGO DEL ESTERO	AD	PUBLICO	C	OK	280	-27.4966	-64.936	8.6
TRW			TRELEW / AEROCLUB	Trelew	CHUBUT	AD	PUBLICO	NC	OK	39	-43.2356	-65.3241	-1.7
TSV			TORTUGAS / ESTANCIA SAN VICENTE	Tortugas	SANTA FÉ	AD	PRIVADO	NC	OK	70	-32.9989	-61.7781	8.4
TUC	SANT	TUC	TUCUMÁN / TENIENTE BENJAMÍN MATIENZO	San Miguel de Tucumán	TUCUMÁN	AD	PUBLICO	C	OK	455	-26.8408	-65.1047	8.7
TVN			TREVELÍN	Trevelin	CHUBUT	AD	PRIVADO	NC	OK	397	-43.0874	-71.4781	-6.9
TXO			EL TRAPIAL / CHEVRON TEXACO	Rincón de los Sauces	NEUQUÉN	AD	PRIVADO	NC	OK	883	-37.365	-69.3019	-1.3
UAE			GUALEGUAY / AEROCLUB	Gualeguay	ENTRE RÍOS	AD	PUBLICO	NC	OK	13	-33.1022	-59.3739	10.4
UCO			CHACABUCO	Chacabuco	BUENOS AIRES	AD	PUBLICO	NC	OK	69	-34.6072	-60.4097	8.6
UEN			QUEQUÉN / MOROMAR	Quequén	BUENOS AIRES	AD	PRIVADO	NC	CERRADO	15	-38.4255	-58.3715	7.7
UIS	SAOU	LUQ	SAN LUIS / BRIG. My D. CÉSAR R. OJEDA	San Luis	SAN LUIS	AD	PUBLICO	C	OK	710	-33.2722	-66.3567	4
ULL			RÍO CULLEN / TOTAL AUSTRAL	Cullen	TIERRA DEL FUEGO ANTÁRTIDA E ISLAS DEL ATLÁNTICO SUR	HEL	PRIVADO	NC	OK	16	-52.8935	-68.3553	-10.5
UNE			FUNES / ALAGRO FUMIGACIONES	Funes	SANTA FÉ	AD	PRIVADO	NC	OK	35	-32.8884	-60.8436	9.2
UPE			SANTA FE / GUADALUPE	Santa Fé	SANTA FÉ	AD	PRIVADO	NC	CERRADO	18	-31.5927	-60.6769	10.1
URD			URDINARRAIN	Urdinarrain	ENTRE RÍOS	AD	PUBLICO	NC	OK	66	-32.6959	-58.8989	11
URL			URIBURU / ESTANCIA LOS ROBLES	Uriburu	LA PAMPA	AD	PRIVADO	NC		137	-36.553	-63.7665	4.3
URO			PEDRO LURO	Pedro Luro	BUENOS AIRES	AD	PUBLICO	NC	OK	27	-39.4558	-62.675	3.3
USU	SAWH	USH	USHUAIA / MALVINAS ARGENTINAS	Ushuaia	TIERRA DEL FUEGO ANTÁRTIDA E ISLAS DEL ATLÁNTICO SUR	AD	PUBLICO	C	OK	31	-54.8433	-68.2956	-11.7
VAL			VALCHETA	Valcheta	RÍO NEGRO	AD	PUBLICO	NC	OK	192	-40.6991	-66.1573	-0.7
VAN	SARV		VILLA ÁNGELA	Villa Angela	CHACO	AD	PUBLICO	NC	OK	75	-27.5951	-60.682	12.2
VAY			VILLA AMANCAY / HALLPA HUAYRA	Villa Amancay	CÓRDOBA	AD	PRIVADO	NC		557	-32.2081	-64.5403	6.4
VCA	SAHV		VICTORICA	Victorica	LA PAMPA	AD	PRIVADO	NC	OK	311	-36.2069	-65.4162	3
VCC	SAAS		VILLA CAÑÁS / S.A. MIGUEL A. CARDONE	Villa Cañas	SANTA FÉ	AD	PUBLICO	NC	SIN IDENTIFICACION VISUAL	103	-33.961	-61.6334	7.9
VDA			VEDIA	Vedia	BUENOS AIRES	AD	PUBLICO	NC	OK	89	-34.4861	-61.4897	7.7
VDL			CORONEL VIDAL	Coronel Vidal	BUENOS AIRES	AD	PUBLICO	NC	OK	26	-37.4678	-57.7672	8.8
VDP	SRDV		VIRREY DEL PINO (VDP / SRDV) - DRCE - PÚBLICO NO CONTROLADO		BUENOS AIRES	AD		NC			-34.82	-58.6728	9.9
VDR			VILLA DEL ROSARIO	Villa del Rosario	CÓRDOBA	AD	PUBLICO	NC	OK	253	-31.5806	-63.5389	7.6
VEC			CORCOVADO / ESTANCIA CARIDAD	Corcovado	CHUBUT	AD	PRIVADO	NC	OK	740	-43.7214	-71.2456	-7.1
VER			VERA	Vera	SANTA FÉ	AD	PUBLICO	NC	OK	58	-29.4684	-60.2264	11.7
VEZ			GÁLVEZ	Galvez	SANTA FÉ	AD	PUBLICO	NC	OK	41	-32.0353	-61.1778	9.5
VGB			VILLA GENERAL BELGRANO	Villa General Belgrano	CÓRDOBA	AD	PUBLICO	NC	OK	840	-31.9644	-64.5644	6.5
VIC			VICTORIA	Victoria	ENTRE RÍOS	AD	PUBLICO	NC	OK	12	-32.5845	-60.1894	10
VIE	SAVV	VDM	VIEDMA / GOBERNADOR CASTELLO	Viedma	RÍO NEGRO	AD	PUBLICO	C	OK	6	-40.8703	-62.9967	2
VIG	SAAU		VILLAGUAY	Villaguay	ENTRE RÍOS	AD	PRIVADO	NC	OK	40	-31.8506	-59.0731	11.3
VIT			SANTA VICTORIA	Santa Victoria	SALTA	AD	PRIVADO	NC	OK	280	-22.2855	-62.7137	12.7
VMA			VICUÑA MACKENNA / DON ÁNGEL	Vicuña Mackenna	CÓRDOBA	AD	PRIVADO	NC	SIN IDENTIFICACION VISUAL	228	-33.9382	-64.4077	5.4
VMB			VICUÑA MACKENNA / BENEFICIOS S.R.L.	Vicuña Mackenna	CÓRDOBA	AD	PRIVADO	NC	OK	241	-33.9376	-64.4151	5.4
VMC			VICUÑA MACKENNA / COMEQUECHEN	Vicuña Mackenna	CÓRDOBA	AD	PRIVADO	NC		243	-33.934	-64.4159	5.4
VMK			VICUÑA MACKENNA / MARTÍN FIERRO	Vicuña Mackenna	CÓRDOBA	AD	PRIVADO	NC	OK	230	-33.943	-64.3712	5.5
VMR	SAOV		VILLA MARÍA / AEROPUERTO REGIONAL	Villa María	CÓRDOBA	AD	PUBLICO	NC	OK	202	-32.3201	-63.2265	7.5
VNA			VERÓNICA	Verónica	BUENOS AIRES	AD	PUBLICO	NC	OK	17	-35.3994	-57.3672	10.5
VNO	SAFV		VENADO TUERTO	Venado Tuerto	SANTA FÉ	AD	PUBLICO	NC	OK	112	-33.6783	-61.9544	7.8
VNR			VILLA NUEVA / RAIG S.A.	Villa María	CÓRDOBA	AD	PRIVADO	NC		206	-32.4382	-63.2893	7.4
VNS			VILLA NUEVA / SUÁREZ AVIACIÓN	Villa Nueva	CÓRDOBA	AD	PRIVADO	NC	OK	207	-32.4269	-63.3022	7.4
VPO			VILLA OCAMPO	Villa Ocampo	SANTA FÉ	AD	PUBLICO	NC	OK	49	-28.496	-59.3261	12.9
VRG			VILLA REGINA	Villa Regina	RÍO NEGRO	AD	PUBLICO	NC	OK	285	-39.0747	-67.0781	-0.4
VRU			VILLA RUMIPAL / PRIMER TENIENTE MARIO NÍVOLI	Villa Rumipal	CÓRDOBA	AD	PUBLICO	NC	OK	666	-32.1842	-64.4889	6.4
VTE			SAN VICENTE	San Vicente	MISIONES	AD	PUBLICO	NC	OK	550	-26.9531	-54.4879	17
VTO			VENADO TUERTO / LA SIESTA	Venado Tuerto	SANTA FÉ	AD	PRIVADO	NC	OK	112	-33.6913	-62.0637	7.7
YOP			TRES ARROYOS / PETRAZZINI	Tres Arroyos	BUENOS AIRES	AD	PRIVADO	NC	OK	107	-38.3478	-60.2761	6.2
YOS	SAZH	OYO	TRES ARROYOS	Tres Arroyos	BUENOS AIRES	AD	PUBLICO	NC	OK	122	-38.3856	-60.3275	6.1
ZAN			ZANCARRÓN		SAN JUAN	AD		NC			-29.6608	-69.7264	2.9
ZAP	SAHZ	APZ	ZAPALA	Zapala	NEUQUÉN	AD	PUBLICO	NC	OK	1048	-38.9759	-70.1135	-3.1
ZLM			BELL VILLE / LA ZULEMA	Bell Ville	CÓRDOBA	AD	PRIVADO	NC	OK	129	-32.4897	-62.6714	7.9
ZUL	SAZA		AZUL	Azul	BUENOS AIRES	AD	PUBLICO	NC	OK	146	-36.8368	-59.8808	7.5
