# Oficinas ARO/AIS de EANA donde se presenta el plan de vuelo: AIC A 19/2026, Anexo ALFA.
# Generado desde src/data/aic-oficinas-aro.txt; oficinas-aro.test.ts los contrasta en los dos sentidos.
# oaci	aftn	correo	telefonos	fir
SARC	SARCZPZX	accrr@eana.com.ar	(+54 379) 4458844 / ARO-AIS móvil/mobile (+54 9 379) 488177	Resistencia
SARE	SAREZPZX	acsis@eana.com.ar	(+54 362) 4436280 - INT / EXT 32146- 32151 / (+54 3624) 436291/2/3	Resistencia
SARF	SARFZPZX	acfsa@eana.com.ar	(+54 370) 4454448	Resistencia
SARI	SARIZPZX	acigu@eana.com.ar	(+54 3757) 564632 / (+54 3757) 530075 / (+54 11) 36701386 / (+54 3757) 420595	Resistencia
SARL	SARLZPZX	aclib@eana.com.ar	Conmutador/Switch (+54 362) 4436291/2/3 - INT / EXT 32933 / (+54 377) 2425528	Resistencia
SARP	SARPZPZX	acpos@eana.com.ar	(+54 376) 4451903	Resistencia
SATG	SATGZPZX	acgoy@eana.com.ar	(+54 3624) 436291-2-3 -INT / EXT 32972	Resistencia
SATR	SATRZPZX	acrta@eana.com.ar	(+54 3624) 436291/2/3 - INT / EXT 32941	Resistencia
SACO	SACOZPZX	accba@eana.com.ar	(+54 351) 4756428	Córdoba
SANC	SANCZPZX	accat@eana.com.ar	(+54 383) 4453686	Córdoba
SANE	SANEZPZX	acsde@eana.com.ar	(+54 385) 4340710 - INT / EXT 36960	Córdoba
SANL	SANLZPZX	aclar@eana.com.ar	(+54 380) 4439211	Córdoba
SANT	SANTZPZX	actuc@eana.com.ar	(+54 381) 4511036 / (+54 381) 4260756 - INT / EXT 52311	Córdoba
SAOS	SAOSZPZX	acsrc@eana.com.ar	(+54 9 351) 2921338	Córdoba
SASA	SASAZPZX	acsal@eana.com.ar	(+54 387) 4375113 - INT / EXT 52643 - 52648	Córdoba
SASJ	SASJZPZX	acjuj@eana.com.ar	(+54 388) 4911102 / (+54 388) 4911104 - INT / EXT 131 / RTI 58212	Córdoba
SANR	SANRZPZX	actrh@eana.com.ar	(+54 11) 44802211/9 - INT / EXT 36926	Córdoba
SAOC	SAOCZPZX	acrcu@eana.com.ar	(+54 358) 4970883	Córdoba
SANU	SANUZPZX	acjua@eana.com.ar	(+54 264) 4250400 - INT / EXT 47614	Mendoza
SAME	SAMEZPZX	acdoz@eana.com.ar	(+54 261) 4487486 - INT / EXT 65413 - 65337	Mendoza
SAMM	SAMMZPZX	acmlg@eana.com.ar	(+54 260) 4471265	Mendoza
SAMR	SAMRZPZX	acsra@eana.com.ar	(+54 260) 4430703	Mendoza
SAOU	SAOUZPZX	acuis@eana.com.ar	(+54 266) 4423047 - INT / RTI 43317 Móvil / Mobile (+54 9 11) 23604976	Mendoza
SAOR	SAORZPZX	acryd@eana.com.ar	(+54 11) 54910878	Mendoza
SAVC	SAVCZPZX	accrv@eana.com.ar	(+54 297) 4549439 - INT / EXT 50356 / 5374714, 4548084	Comodoro Rivadavia
SAVE	SAVEZPZX	acesq@eana.com.ar	(+54 294) 5451354 - INT / EXT 45304 - 45300	Comodoro Rivadavia
SAVT	SAVTZPZX	actre@eana.com.ar	(+54 280) 4421009 - INT / EXT 46309 Corp.Ais-Com (+54 9 11) 31977395	Comodoro Rivadavia
SAVV	SAVVZPZX	acvie@eana.com.ar	(+54 2920) 424416 - INT / EXT 46203 - 46204	Comodoro Rivadavia
SAVY	SAVYZPZX	acdry@eana.com.ar	(+54 280) 4475938	Comodoro Rivadavia
SAWC	SAWCZPZX	aceca@eana.com.ar	(+54 2902) 492051 / (+54 2902) 493702 Ofic. Corporativo móvil / CorporativeOffice mobile (+54 9 2902) 485640	Comodoro Rivadavia
SAWE	SAWEZPZX	acgde@eana.com.ar	(+54 2964) 492351 - INT / EXT 44209	Comodoro Rivadavia
SAWH	SAWHZPZX	acusu@eana.com.ar	(+54 2901) 434390 / (+54 11) 44802385 - INT / EXT 44306	Comodoro Rivadavia
SAWG	SAWGZPZX	acgal@eana.com.ar	(+54 2966) 442044	Comodoro Rivadavia
SAAC	SAACZPZX	acdia@eana.com.ar	(+54 11) 44802210	Ezeiza
SAAP	SAAPZPZX	acpar@eana.com.ar	(+54 343) 4261914 - INT / EXT 67324 - 67325	Ezeiza
SAAR	SAARZPZX	acros@eana.com.ar	(54 341) 4513202 - INT / EXT 1120 - 1134 / (+54 341) 5038804	Ezeiza
SAAV	SAAVZPZX	acsvo@eana.com.ar	(+54 342) 4995065 - INT / EXT 67600	Ezeiza
SABE	SABEZPZX	acaer@eana.com.ar	(+54 11) 45141513 / 1611	Ezeiza
SADM	SADMZPZX	acmor@eana.com.ar	(+54 11) 46279402 – móvil / mobile (+54 9 11) 41792087	Ezeiza
SADF	SADFZPZX	acfdo@eana.com.ar	(+54 11) 45800261	Ezeiza
SADP	SADPZPZX	acpal@eana.com.ar	(+54 11) 60064271 / (+54 11) 44802413	Ezeiza
SAEZ	SAEZZPZX	aceze@eana.com.ar	(+54 11) 44800331 - INT / EXT 57330 / Fax (+54 11) 44802330	Ezeiza
SAZB	SAZBZPZX	acbca@eana.com.ar	(+54 351) 4756428 - INT / EXT 36428	Ezeiza
SAZM	SAZMZPZX	acmdp@eana.com.ar	(+54 223) 4786444 - INT / EXT 53530	Ezeiza
SAZN	SAZNZPZX	acneu@eana.com.ar	(+54 011) 44802444	Ezeiza
SAZR	SAZRZPZX	acosa@eana.com.ar	(+54 2954) 426664 - INT / EXT 57064 / (+54 2954) 433814	Ezeiza
SAZS	SAZSZPZX	acbar@eana.com.ar	(+54 294) 4405030/29 - INT / EXT 57870	Ezeiza
SAZT	SAZTZPZX	acdil@eana.com.ar	(+54 249) 4440043 / móvil / mobile (+54 9 11) 65290132	Ezeiza
SAZY	SAZYZPZX	acchp@eana.com.ar	(+54 297) 2428398 INT / EXT 57975	Ezeiza
